ID;Waktu;Ketinggian;Temperatur;Kelembapan;Tekanan;Arah Angin;Kecepatan Angin;Lintang;Bujur
MAHESWARA_GSBC2020;20:41:44;0.01;29.4;70.4;99766.4;0;0.0;-7.771.204;110.373.360
7;;;;;;;;;
MAHESWARA_GSBC2020;20:41:47;0.01;29.4;70.6;99767.3;270;0.8;-7.771.204;110.373.360
MAHESWARA_GSBC2020;20:41:48;0.03;29.4;70.4;99765.4;94;0.8;-7.771.204;110.373.367
MAHESWARA_GSBC2020;20:41:49;0.00;29.4;70.4;99768.7;0;0.0;-7.771.204;110.373.367
MAHESWARA_GSBC2020;20:41:50;0.02;29.4;70.7;99765.6;180;0.1;-7.771.205;110.373.367
MAHESWARA_GSBC2020;20:41:51;0.00;29.4;70.9;99767.4;270;0.8;-7.771.205;110.373.360
MAHESWARA_GSBC2020;20:41:52;0.05;29.4;70.3;99768.2;90;0.8;-7.771.205;110.373.367
MAHESWARA_GSBC2020;20:41:53;0.11;29.4;70.3;99766.8;266;0.8;-7.771.205;110.373.360
MAHESWARA_GSBC2020;20:41:54;0.05;29.4;69.6;99766.4;180;0.1;-7.771.206;110.373.360
MAHESWARA_GSBC2020;20:41:55;0.04;29.4;70.2;99766.1;101;0.9;-7.771.207;110.373.367
MAHESWARA_GSBC2020;20:41:56;0.03;29.4;69.8;99765.8;180;0.1;-7.771.208;110.373.367
MAHESWARA_GSBC2020;20:41:57;0.04;29.4;70.0;99766.7;0;0.1;-7.771.207;110.373.367
MAHESWARA_GSBC2020;20:41:58;0.03;29.4;70.8;99768.3;0;0.1;-7.771.206;110.373.367
MAHESWARA_GSBC2020;20:41:59;0.01;29.4;70.7;99767.3;0;0.1;-7.771.205;110.373.367
MAHESWARA_GSBC2020;20:42:00;0.00;29.4;70.2;99768.1;0;0.0;-7.771.205;110.373.367
MAHESWARA_GSBC2020;20:42:01;0.04;29.4;70.4;99768.2;0;0.1;-7.771.205;110.373.367
MAHESWARA_GSBC2020;20:42:02;0.00;29.4;70.3;99768.7;0;0.1;-7.771.204;110.373.367
MAHESWARA_GSBC2020;20:42:03;0.00;29.4;69.9;99769.0;0;0.0;-7.771.204;110.373.367
MAHESWARA_GSBC2020;20:42:04;0.03;29.4;70.3;99767.3;0;0.1;-7.771.204;110.373.367
MAHESWARA_GSBC2020;20:42:05;0.10;29.4;69.9;99766.9;0;0.1;-7.771.203;110.373.367
MAHESWARA_GSBC2020;20:42:06;0.04;29.4;69.7;99768.2;0;0.0;-7.771.203;110.373.367
MAHESWARA_GSBC2020;20:42:07;0.07;29.4;69.9;99767.3;180;0.1;-7.771.204;110.373.367
MAHESWARA_GSBC2020;20:42:08;0.07;29.4;70.3;99769.7;180;0.1;-7.771.204;110.373.367
MAHESWARA_GSBC2020;20:42:09;0.07;29.4;70.6;99768.1;0;0.0;-7.771.204;110.373.367
MAHESWARA_GSBC2020;20:42:10;0.11;29.4;70.4;99767.1;0;0.0;-7.771.204;110.373.367
MAHESWARA_GSBC2020;20:42:11;0.07;29.4;70.7;99766.3;180;0.1;-7.771.205;110.373.367
MAHESWARA_GSBC2020;20:42:12;0.13;29.4;71.6;99766.6;0;0.0;-7.771.205;110.373.367
MAHESWARA_GSBC2020;20:42:13;0.05;29.4;71.6;99769.6;180;0.1;-7.771.205;110.373.367
MAHESWARA_GSBC2020;20:42:14;0.02;29.4;71.2;99768.6;180;0.1;-7.771.206;110.373.367
MAHESWARA_GSBC2020;20:42:15;0.03;29.4;70.8;99768.3;180;0.1;-7.771.207;110.373.367
MAHESWARA_GSBC2020;20:42:16;0.01;29.4;70.4;99768.7;180;0.1;-7.771.207;110.373.367
MAHESWARA_GSBC2020;20:42:17;0.02;29.4;70.6;99767.2;180;0.1;-7.771.208;110.373.367
MAHESWARA_GSBC2020;20:42:18;0.07;29.4;70.5;99768.6;0;0.0;-7.771.208;110.373.367
MAHESWARA_GSBC2020;20:42:19;0.01;29.5;70.5;99770.0;180;0.1;-7.771.208;110.373.367
MAHESWARA_GSBC2020;20:42:20;0.05;29.5;70.4;99769.5;0;0.1;-7.771.208;110.373.367
MAHESWARA_GSBC2020;20:42:21;0.02;29.5;70.4;99770.0;0;0.0;-7.771.208;110.373.367
MAHESWARA_GSBC2020;20:42:22;0.00;29.5;70.5;99769.0;0;0.1;-7.771.207;110.373.367
MAHESWARA_GSBC2020;20:42:23;0.02;29.4;70.3;99769.6;0;0.0;-7.771.207;110.373.367
MAHESWARA_GSBC2020;20:42:24;0.10;29.4;70.3;99768.5;0;0.0;-7.771.207;110.373.367
MAHESWARA_GSBC2020;20:42:25;0.04;29.5;70.2;99770.1;0;0.1;-7.771.207;110.373.367
MAHESWARA_GSBC2020;20:42:26;0.01;29.5;70.8;99770.8;0;0.1;-7.771.206;110.373.367
MAHESWARA_GSBC2020;20:42:27;0.00;29.5;70.6;99770.0;0;0.0;-7.771.206;110.373.367
MAHESWARA_GSBC2020;20:42:28;0.10;29.5;70.7;99767.6;0;0.1;-7.771.206;110.373.367
MAHESWARA_GSBC2020;20:42:29;0.04;29.5;70.8;99768.9;0;0.1;-7.771.205;110.373.367
MAHESWARA_GSBC2020;20:42:30;0.07;29.5;70.9;99769.3;0;0.1;-7.771.204;110.373.367
MAHESWARA_GSBC2020;20:42:31;0.01;29.5;71.0;99769.5;0;0.1;-7.771.204;110.373.367
MAHESWARA_GSBC2020;20:42:32;0.03;29.5;70.1;99769.3;0;0.1;-7.771.203;110.373.367
MAHESWARA_GSBC2020;20:42:33;0.06;29.5;69.7;99769.1;0;0.1;-7.771.203;110.373.367
MAHESWARA_GSBC2020;20:42:34;0.03;29.5;70.1;99770.5;0;0.1;-7.771.202;110.373.367
MAHESWARA_GSBC2020;20:42:35;0.06;29.5;70.4;99769.4;0;0.0;-7.771.202;110.373.367
MAHESWARA_GSBC2020;20:42:36;0.05;29.5;70.5;99769.9;180;0.1;-7.771.203;110.373.367
MAHESWARA_GSBC2020;20:42:37;0.04;29.5;70.3;99768.2;180;0.1;-7.771.203;110.373.367
MAHESWARA_GSBC2020;20:42:38;0.11;29.5;70.4;99768.9;0;0.0;-7.771.203;110.373.367
MAHESWARA_GSBC2020;20:42:39;0.05;29.5;70.4;99768.2;274;0.8;-7.771.203;110.373.360
MAHESWARA_GSBC2020;20:42:40;0.05;29.5;70.6;99768.7;0;0.1;-7.771.202;110.373.360
MAHESWARA_GSBC2020;20:42:41;0.05;29.5;70.4;99770.0;0;0.0;-7.771.202;110.373.360
MAHESWARA_GSBC2020;20:42:42;0.00;29.5;70.3;99771.0;0;0.0;-7.771.202;110.373.360
MAHESWARA_GSBC2020;20:42:43;0.00;29.4;70.3;99772.0;180;0.1;-7.771.203;110.373.360
MAHESWARA_GSBC2020;20:42:44;0.11;29.4;70.3;99769.9;180;0.1;-7.771.203;110.373.360
MAHESWARA_GSBC2020;20:42:45;0.07;29.4;70.2;99768.5;0;0.0;-7.771.203;110.373.360
MAHESWARA_GSBC2020;20:42:46;0.07;29.4;70.3;99770.5;0;0.1;-7.771.203;110.373.360
MAHESWARA_GSBC2020;20:42:47;0.02;29.4;70.3;99769.9;0;0.0;-7.771.203;110.373.360
MAHESWARA_GSBC2020;20:42:48;0.16;29.4;70.3;99769.7;0;0.1;-7.771.202;110.373.360
MAHESWARA_GSBC2020;20:42:49;0.13;29.4;70.3;99769.5;0;0.0;-7.771.202;110.373.360
MAHESWARA_GSBC2020;20:42:50;0.06;29.5;70.3;99770.9;0;0.1;-7.771.201;110.373.360
MAHESWARA_GSBC2020;20:42:51;0.01;29.4;69.9;99771.0;0;0.0;-7.771.201;110.373.360
MAHESWARA_GSBC2020;20:42:52;0.13;29.4;70.2;99768.1;0;0.0;-7.771.201;110.373.360
MAHESWARA_GSBC2020;20:42:53;0.18;29.4;70.5;99770.1;180;0.1;-7.771.202;110.373.360
MAHESWARA_GSBC2020;20:42:54;0.17;29.4;70.2;99769.2;0;0.0;-7.771.202;110.373.360
MAHESWARA_GSBC2020;20:42:55;0.08;29.4;70.4;99769.9;0;0.0;-7.771.202;110.373.360
MAHESWARA_GSBC2020;20:42:56;0.02;29.4;70.1;99769.9;0;0.0;-7.771.202;110.373.360
MAHESWARA_GSBC2020;20:42:57;0.05;29.5;70.2;99770.6;180;0.1;-7.771.203;110.373.360
MAHESWARA_GSBC2020;20:42:58;0.09;29.4;70.4;99771.4;0;0.1;-7.771.202;110.373.360
MAHESWARA_GSBC2020;20:42:59;0.12;29.4;70.4;99769.1;0;0.0;-7.771.202;110.373.360
MAHESWARA_GSBC2020;20:43:00;0.08;29.4;70.2;99771.0;0;0.0;-7.771.202;110.373.360
MAHESWARA_GSBC2020;20:43:01;0.09;29.4;70.7;99770.5;0;0.0;-7.771.202;110.373.360
MAHESWARA_GSBC2020;20:43:02;0.10;29.4;70.6;99771.1;0;0.0;-7.771.202;110.373.360
MAHESWARA_GSBC2020;20:43:03;0.08;29.4;70.8;99771.0;0;0.0;-7.771.202;110.373.360
MAHESWARA_GSBC2020;20:43:04;0.03;29.4;70.4;99770.9;0;0.0;-7.771.202;110.373.360
MAHESWARA_GSBC2020;20:43:05;0.01;29.4;70.2;99772.1;0;0.0;-7.771.202;110.373.360
MAHESWARA_GSBC2020;20:43:06;0.09;29.4;70.2;99771.6;0;0.0;-7.771.202;110.373.360
MAHESWARA_GSBC2020;20:43:07;0.06;29.4;70.7;99770.1;0;0.0;-7.771.202;110.373.360
MAHESWARA_GSBC2020;20:43:08;0.03;29.4;70.4;99770.6;0;0.1;-7.771.201;110.373.360
MAHESWARA_GSBC2020;20:43:09;0.10;29.4;69.8;99769.2;0;0.0;-7.771.201;110.373.360
MAHESWARA_GSBC2020;20:43:10;0.00;29.4;70.9;99772.0;0;0.0;-7.771.201;110.373.360
MAHESWARA_GSBC2020;20:43:11;0.10;29.4;70.6;99768.8;270;0.8;-7.771.201;110.373.352
MAHESWARA_GSBC2020;20:43:12;0.09;29.4;69.8;99771.1;90;0.8;-7.771.201;110.373.360
MAHESWARA_GSBC2020;20:43:13;0.15;29.4;70.1;99768.5;0;0.0;-7.771.201;110.373.360
MAHESWARA_GSBC2020;20:43:14;0.06;29.4;70.4;99771.8;0;0.1;-7.771.201;110.373.360
MAHESWARA_GSBC2020;20:43:15;0.10;29.4;70.5;99770.2;180;0.1;-7.771.201;110.373.360
MAHESWARA_GSBC2020;20:43:16;0.06;29.4;70.6;99771.1;180;0.1;-7.771.202;110.373.360
MAHESWARA_GSBC2020;20:43:17;0.07;29.4;70.5;99771.9;0;0.0;-7.771.202;110.373.360
MAHESWARA_GSBC2020;20:43:18;0.03;29.4;70.5;99771.6;180;0.1;-7.771.202;110.373.360
MAHESWARA_GSBC2020;20:43:19;0.06;29.4;70.5;99770.9;0;0.0;-7.771.202;110.373.360
MAHESWARA_GSBC2020;20:43:20;0.06;29.4;70.4;99769.8;180;0.1;-7.771.203;110.373.360
MAHESWARA_GSBC2020;20:43:21;0.02;29.4;70.4;99771.2;180;0.1;-7.771.203;110.373.360
MAHESWARA_GSBC2020;20:43:22;0.03;29.4;70.4;99771.6;0;0.0;-7.771.203;110.373.360
MAHESWARA_GSBC2020;20:43:23;0.00;29.4;70.1;99771.5;180;0.1;-7.771.204;110.373.360
MAHESWARA_GSBC2020;20:43:24;0.03;29.4;70.5;99770.9;180;0.1;-7.771.204;110.373.360
MAHESWARA_GSBC2020;20:43:25;0.03;29.4;70.5;99771.8;0;0.0;-7.771.204;110.373.360
MAHESWARA_GSBC2020;20:43:26;0.02;29.4;70.9;99771.5;0;0.0;-7.771.204;110.373.360
MAHESWARA_GSBC2020;20:43:27;0.03;29.4;70.6;99772.0;180;0.1;-7.771.204;110.373.360
MAHESWARA_GSBC2020;20:43:28;0.08;29.4;70.4;99771.4;180;0.1;-7.771.205;110.373.360
MAHESWARA_GSBC2020;20:43:29;0.00;29.4;70.8;99771.9;180;0.1;-7.771.206;110.373.360
MAHESWARA_GSBC2020;20:43:30;0.06;29.4;70.5;99771.4;0;0.0;-7.771.206;110.373.360
MAHESWARA_GSBC2020;20:43:31;0.08;29.4;70.2;99771.4;0;0.1;-7.771.205;110.373.360
MAHESWARA_GSBC2020;20:43:32;0.02;29.4;70.4;99770.5;0;0.0;-7.771.205;110.373.360
MAHESWARA_GSBC2020;20:43:33;0.08;29.4;70.3;99768.9;0;0.0;-7.771.205;110.373.360
MAHESWARA_GSBC2020;20:43:34;0.08;29.4;70.6;99770.2;0;0.1;-7.771.205;110.373.360
MAHESWARA_GSBC2020;20:43:35;0.03;29.4;70.7;99770.9;0;0.0;-7.771.205;110.373.360
MAHESWARA_GSBC2020;20:43:36;0.07;29.4;70.7;99771.8;180;0.1;-7.771.205;110.373.360
MAHESWARA_GSBC2020;20:43:37;0.08;29.4;71.1;99773.5;0;0.0;-7.771.205;110.373.360
MAHESWARA_GSBC2020;20:43:38;0.08;29.4;70.4;99770.6;0;0.0;-7.771.205;110.373.360
MAHESWARA_GSBC2020;20:43:39;0.06;29.4;70.7;99771.0;180;0.1;-7.771.206;110.373.360
MAHESWARA_GSBC2020;20:43:40;0.04;29.4;70.6;99770.2;0;0.0;-7.771.206;110.373.360
MAHESWARA_GSBC2020;20:43:41;0.01;29.4;70.6;99771.4;0;0.1;-7.771.205;110.373.360
MAHESWARA_GSBC2020;20:43:42;0.02;29.4;70.8;99774.4;180;0.1;-7.771.206;110.373.360
MAHESWARA_GSBC2020;20:43:43;0.04;29.4;70.9;99772.0;0;0.0;-7.771.206;110.373.360
MAHESWARA_GSBC2020;20:43:44;0.05;29.4;70.9;99773.2;0;0.0;-7.771.206;110.373.360
MAHESWARA_GSBC2020;20:43:45;0.08;29.4;70.8;99770.2;0;0.0;-7.771.206;110.373.360
MAHESWARA_GSBC2020;20:43:46;0.03;29.4;70.7;99771.1;180;0.1;-7.771.206;110.373.360
MAHESWARA_GSBC2020;20:43:47;0.07;29.4;70.9;99770.1;0;0.1;-7.771.206;110.373.360
MAHESWARA_GSBC2020;20:43:48;0.08;29.4;70.6;99772.2;0;0.0;-7.771.206;110.373.360
MAHESWARA_GSBC2020;20:43:49;0.03;29.4;70.8;99771.5;0;0.1;-7.771.205;110.373.360
MAHESWARA_GSBC2020;20:43:50;0.09;29.4;70.8;99769.2;0;0.1;-7.771.204;110.373.360
MAHESWARA_GSBC2020;20:43:51;0.10;29.4;70.6;99770.5;0;0.0;-7.771.204;110.373.360
MAHESWARA_GSBC2020;20:43:52;0.01;29.4;70.5;99772.7;0;0.0;-7.771.204;110.373.360
MAHESWARA_GSBC2020;20:43:53;0.07;29.4;70.5;99771.9;270;0.8;-7.771.204;110.373.352
MAHESWARA_GSBC2020;20:43:54;0.01;29.4;71.2;99771.6;180;0.1;-7.771.205;110.373.352
MAHESWARA_GSBC2020;20:43:55;0.09;29.4;70.4;99771.5;180;0.1;-7.771.205;110.373.352
MAHESWARA_GSBC2020;20:43:56;0.07;29.4;70.1;99771.7;0;0.0;-7.771.205;110.373.352
MAHESWARA_GSBC2020;20:43:57;0.05;29.4;71.4;99770.6;180;0.1;-7.771.206;110.373.352
MAHESWARA_GSBC2020;20:43:58;0.03;29.4;70.8;99771.6;0;0.0;-7.771.206;110.373.352
MAHESWARA_GSBC2020;20:43:59;0.07;29.4;70.8;99771.1;0;0.0;-7.771.206;110.373.352
MAHESWARA_GSBC2020;20:44:00;0.07;29.4;71.0;99772.7;0;0.0;-7.771.206;110.373.352
MAHESWARA_GSBC2020;20:44:01;0.01;29.4;70.8;99771.8;0;0.0;-7.771.206;110.373.352
MAHESWARA_GSBC2020;20:44:02;0.02;29.4;70.9;99772.0;0;0.0;-7.771.206;110.373.352
MAHESWARA_GSBC2020;20:44:03;0.11;29.4;71.3;99771.1;180;0.1;-7.771.206;110.373.352
MAHESWARA_GSBC2020;20:44:04;0.05;29.4;71.2;99772.2;0;0.1;-7.771.206;110.373.352
MAHESWARA_GSBC2020;20:44:05;0.04;29.4;71.4;99771.4;180;0.1;-7.771.206;110.373.352
MAHESWARA_GSBC2020;20:44:06;0.01;29.4;71.6;99773.1;180;0.1;-7.771.207;110.373.352
MAHESWARA_GSBC2020;20:44:07;0.04;29.4;71.9;99773.0;180;0.1;-7.771.207;110.373.352
MAHESWARA_GSBC2020;20:44:08;0.07;29.4;71.7;99771.4;180;0.1;-7.771.208;110.373.352
MAHESWARA_GSBC2020;20:44:09;0.10;29.4;71.6;99772.5;0;0.1;-7.771.208;110.373.352
MAHESWARA_GSBC2020;20:44:10;0.13;29.4;72.1;99771.6;0;0.0;-7.771.208;110.373.352
MAHESWARA_GSBC2020;20:44:11;0.05;29.4;71.2;99772.4;0;0.0;-7.771.208;110.373.352
MAHESWARA_GSBC2020;20:44:12;0.03;29.4;71.5;99772.5;0;0.1;-7.771.207;110.373.352
MAHESWARA_GSBC2020;20:44:13;0.10;29.4;71.3;99772.1;0;0.0;-7.771.207;110.373.352
MAHESWARA_GSBC2020;20:44:14;0.02;29.4;71.1;99771.9;180;0.1;-7.771.208;110.373.352
MAHESWARA_GSBC2020;20:44:15;0.08;29.4;71.0;99770.6;0;0.0;-7.771.208;110.373.352
MAHESWARA_GSBC2020;20:44:16;0.00;29.4;70.2;99772.4;0;0.1;-7.771.207;110.373.352
MAHESWARA_GSBC2020;20:44:17;0.05;29.4;70.1;99769.7;0;0.1;-7.771.207;110.373.352
MAHESWARA_GSBC2020;20:44:18;0.08;29.4;70.9;99772.3;0;0.0;-7.771.207;110.373.352
MAHESWARA_GSBC2020;20:44:19;0.11;29.4;70.7;99770.3;0;0.1;-7.771.206;110.373.352
MAHESWARA_GSBC2020;20:44:20;0.06;29.4;71.2;99773.1;180;0.1;-7.771.207;110.373.352
MAHESWARA_GSBC2020;20:44:21;0.02;29.4;70.5;99772.0;0;0.1;-7.771.206;110.373.352
MAHESWARA_GSBC2020;20:44:22;0.04;29.4;70.7;99772.3;0;0.1;-7.771.206;110.373.352
MAHESWARA_GSBC2020;20:44:23;0.13;29.4;70.6;99770.9;0;0.0;-7.771.206;110.373.352
MAHESWARA_GSBC2020;20:44:24;0.07;29.4;70.5;99771.1;0;0.0;-7.771.206;110.373.352
MAHESWARA_GSBC2020;20:44:25;0.08;29.4;70.6;99772.4;180;0.1;-7.771.207;110.373.352
MAHESWARA_GSBC2020;20:44:26;0.06;29.4;70.6;99772.6;90;0.8;-7.771.207;110.373.360
MAHESWARA_GSBC2020;20:44:27;0.06;29.4;70.6;99772.6;0;0.0;-7.771.207;110.373.360
MAHESWARA_GSBC2020;20:44:28;0.00;29.4;70.6;99773.8;0;0.0;-7.771.207;110.373.360
MAHESWARA_GSBC2020;20:44:29;0.10;29.4;70.6;99771.2;180;0.1;-7.771.207;110.373.360
MAHESWARA_GSBC2020;20:44:30;0.12;29.4;70.6;99772.6;0;0.0;-7.771.207;110.373.360
MAHESWARA_GSBC2020;20:44:31;0.02;29.4;70.5;99773.7;180;0.1;-7.771.208;110.373.360
MAHESWARA_GSBC2020;20:44:32;0.11;29.4;70.6;99768.7;180;0.1;-7.771.208;110.373.360
MAHESWARA_GSBC2020;20:44:33;0.00;29.4;70.8;99774.2;180;0.1;-7.771.209;110.373.360
MAHESWARA_GSBC2020;20:44:34;0.08;29.4;71.5;99772.3;180;0.1;-7.771.209;110.373.360
MAHESWARA_GSBC2020;20:44:35;0.09;29.4;70.8;99772.9;180;0.1;-7.771.210;110.373.360
MAHESWARA_GSBC2020;20:44:36;0.12;29.4;71.1;99771.5;180;0.1;-7.771.211;110.373.360
MAHESWARA_GSBC2020;20:44:37;0.08;29.4;71.2;99772.4;180;0.1;-7.771.211;110.373.360
MAHESWARA_GSBC2020;20:44:38;0.13;29.4;71.0;99771.6;180;0.1;-7.771.212;110.373.360
MAHESWARA_GSBC2020;20:44:39;0.09;29.4;71.8;99773.3;0;0.0;-7.771.212;110.373.360
MAHESWARA_GSBC2020;20:44:40;0.06;29.4;71.1;99772.5;180;0.1;-7.771.213;110.373.360
MAHESWARA_GSBC2020;20:44:41;0.07;29.4;70.9;99772.4;0;0.0;-7.771.213;110.373.360
MAHESWARA_GSBC2020;20:44:42;0.10;29.4;70.9;99773.2;0;0.1;-7.771.212;110.373.360
MAHESWARA_GSBC2020;20:44:43;0.06;29.4;71.1;99772.9;0;0.0;-7.771.212;110.373.360
MAHESWARA_GSBC2020;20:44:44;0.08;29.4;70.9;99773.2;0;0.0;-7.771.212;110.373.360
MAHESWARA_GSBC2020;20:44:45;0.12;29.4;70.5;99770.6;180;0.1;-7.771.212;110.373.360
MAHESWARA_GSBC2020;20:44:46;0.14;29.4;71.0;99770.7;0;0.0;-7.771.212;110.373.360
MAHESWARA_GSBC2020;20:44:47;0.08;29.4;70.7;99772.0;0;0.0;-7.771.212;110.373.360
MAHESWARA_GSBC2020;20:44:48;0.11;29.4;71.3;99771.4;0;0.0;-7.771.212;110.373.360
MAHESWARA_GSBC2020;20:44:49;0.10;29.4;70.6;99773.9;90;0.8;-7.771.212;110.373.367
MAHESWARA_GSBC2020;20:44:50;0.10;29.4;70.7;99772.4;180;0.1;-7.771.213;110.373.367
MAHESWARA_GSBC2020;20:44:51;0.06;29.4;70.6;99771.5;180;0.1;-7.771.213;110.373.367
MAHESWARA_GSBC2020;20:44:52;0.00;29.4;70.6;99772.9;180;0.1;-7.771.214;110.373.367
MAHESWARA_GSBC2020;20:44:53;0.07;29.4;70.6;99772.5;0;0.1;-7.771.213;110.373.367
MAHESWARA_GSBC2020;20:44:54;0.06;29.4;70.5;99772.5;0;0.1;-7.771.213;110.373.367
MAHESWARA_GSBC2020;20:44:55;0.00;29.4;70.6;99774.4;0;0.0;-7.771.213;110.373.367
MAHESWARA_GSBC2020;20:44:56;0.13;29.4;70.6;99772.8;0;0.0;-7.771.213;110.373.367
MAHESWARA_GSBC2020;20:44:57;0.03;29.4;70.7;99774.2;0;0.0;-7.771.213;110.373.367
MAHESWARA_GSBC2020;20:44:59;0.12;29.4;70.7;99772.7;97;0.8;-7.771.214;110.373.375
MAHESWARA_GSBC2020;20:45:00;0.10;29.4;70.9;99773.8;0;0.0;-7.771.214;110.373.375
MAHESWARA_GSBC2020;20:45:01;0.08;29.4;70.8;99772.8;180;0.1;-7.771.214;110.373.375
MAHESWARA_GSBC2020;20:45:02;0.11;29.4;71.2;99772.7;0;0.0;-7.771.214;110.373.375
MAHESWARA_GSBC2020;20:45:03;0.06;29.4;70.5;99775.3;180;0.1;-7.771.215;110.373.375
MAHESWARA_GSBC2020;20:45:04;0.10;29.4;70.7;99772.9;180;0.1;-7.771.215;110.373.375
MAHESWARA_GSBC2020;20:45:05;0.09;29.4;70.9;99773.9;180;0.1;-7.771.216;110.373.375
MAHESWARA_GSBC2020;20:45:06;0.06;29.4;71.0;99773.0;180;0.2;-7.771.218;110.373.375
MAHESWARA_GSBC2020;20:45:07;0.04;29.4;71.4;99773.2;0;0.1;-7.771.217;110.373.375
MAHESWARA_GSBC2020;20:45:08;0.08;29.4;71.1;99772.5;180;0.1;-7.771.218;110.373.375
MAHESWARA_GSBC2020;20:45:09;0.07;29.4;71.3;99773.8;0;0.0;-7.771.218;110.373.375
MAHESWARA_GSBC2020;20:45:10;0.06;29.4;71.3;99773.7;180;0.1;-7.771.219;110.373.375
MAHESWARA_GSBC2020;20:45:11;0.00;29.4;70.8;99774.4;180;0.1;-7.771.219;110.373.375
MAHESWARA_GSBC2020;20:45:12;0.07;29.4;70.8;99772.9;180;0.1;-7.771.220;110.373.375
MAHESWARA_GSBC2020;20:45:13;0.06;29.4;70.2;99772.8;180;0.1;-7.771.221;110.373.375
MAHESWARA_GSBC2020;20:45:14;0.06;29.4;70.8;99773.6;180;0.1;-7.771.221;110.373.375
MAHESWARA_GSBC2020;20:45:15;0.11;29.4;70.7;99773.4;0;0.0;-7.771.221;110.373.375
MAHESWARA_GSBC2020;20:45:16;0.10;29.4;70.7;99771.9;180;0.1;-7.771.222;110.373.375
MAHESWARA_GSBC2020;20:45:17;0.12;29.4;70.6;99772.0;266;0.8;-7.771.223;110.373.367
MAHESWARA_GSBC2020;20:45:18;0.06;29.4;70.6;99772.3;180;0.1;-7.771.223;110.373.367
MAHESWARA_GSBC2020;20:45:19;0.06;29.4;70.6;99772.4;180;0.1;-7.771.224;110.373.367
MAHESWARA_GSBC2020;20:45:20;0.00;29.5;70.6;99774.1;180;0.1;-7.771.224;110.373.367
MAHESWARA_GSBC2020;20:45:21;0.09;29.4;70.5;99772.2;0;0.1;-7.771.224;110.373.367
MAHESWARA_GSBC2020;20:45:22;0.07;29.4;70.7;99772.0;0;0.1;-7.771.223;110.373.367
MAHESWARA_GSBC2020;20:45:23;0.07;29.5;70.7;99774.1;0;0.1;-7.771.222;110.373.367
MAHESWARA_GSBC2020;20:45:24;0.05;29.5;70.5;99773.9;0;0.0;-7.771.222;110.373.367
MAHESWARA_GSBC2020;20:45:25;0.07;29.5;70.9;99773.7;0;0.2;-7.771.221;110.373.367
MAHESWARA_GSBC2020;20:45:26;0.05;29.4;70.6;99772.7;180;0.1;-7.771.221;110.373.367
MAHESWARA_GSBC2020;20:45:27;0.05;29.5;70.2;99774.5;0;0.0;-7.771.221;110.373.367
MAHESWARA_GSBC2020;20:45:28;0.06;29.5;70.7;99775.2;0;0.0;-7.771.221;110.373.367
MAHESWARA_GSBC2020;20:45:29;0.06;29.5;70.5;99775.3;0;0.0;-7.771.221;110.373.367
MAHESWARA_GSBC2020;20:45:30;0.10;29.4;70.7;99772.7;0;0.1;-7.771.221;110.373.367
MAHESWARA_GSBC2020;20:45:31;0.05;29.4;70.5;99773.3;0;0.1;-7.771.220;110.373.367
MAHESWARA_GSBC2020;20:45:32;0.09;29.4;71.1;99772.2;274;0.8;-7.771.220;110.373.360
MAHESWARA_GSBC2020;20:45:33;0.09;29.5;71.5;99773.6;0;0.1;-7.771.219;110.373.360
MAHESWARA_GSBC2020;20:45:34;0.11;29.5;71.4;99773.7;0;0.1;-7.771.218;110.373.360
MAHESWARA_GSBC2020;20:45:35;0.08;29.4;71.2;99773.2;0;0.1;-7.771.218;110.373.360
MAHESWARA_GSBC2020;20:45:36;0.03;29.5;71.1;99773.4;0;0.1;-7.771.217;110.373.360
MAHESWARA_GSBC2020;20:45:37;0.08;29.5;71.2;99773.8;0;0.1;-7.771.216;110.373.360
MAHESWARA_GSBC2020;20:45:38;0.03;29.5;71.2;99775.7;0;0.1;-7.771.216;110.373.360
MAHESWARA_GSBC2020;20:45:39;0.08;29.5;71.2;99774.0;0;0.1;-7.771.215;110.373.360
MAHESWARA_GSBC2020;20:45:40;0.11;29.5;71.2;99773.4;180;0.1;-7.771.215;110.373.360
MAHESWARA_GSBC2020;20:45:41;0.05;29.5;71.2;99773.2;0;0.1;-7.771.215;110.373.360
MAHESWARA_GSBC2020;20:45:42;0.02;29.5;71.0;99773.6;0;0.1;-7.771.214;110.373.360
MAHESWARA_GSBC2020;20:45:43;0.00;29.5;71.0;99774.7;0;0.1;-7.771.214;110.373.360
MAHESWARA_GSBC2020;20:45:44;0.03;29.5;71.1;99775.6;0;0.0;-7.771.214;110.373.360
MAHESWARA_GSBC2020;20:45:45;0.06;29.5;70.8;99772.7;0;0.1;-7.771.213;110.373.360
MAHESWARA_GSBC2020;20:45:46;0.09;29.5;70.7;99772.7;0;0.1;-7.771.212;110.373.360
MAHESWARA_GSBC2020;20:45:47;0.06;29.5;70.7;99773.1;0;0.1;-7.771.211;110.373.360
MAHESWARA_GSBC2020;20:45:48;0.00;29.5;70.6;99776.1;0;0.1;-7.771.211;110.373.360
MAHESWARA_GSBC2020;20:45:49;0.12;29.5;70.9;99771.5;0;0.1;-7.771.210;110.373.360
MAHESWARA_GSBC2020;20:45:50;0.11;29.5;70.9;99772.7;0;0.1;-7.771.210;110.373.360
MAHESWARA_GSBC2020;20:45:51;0.02;29.5;70.7;99776.9;0;0.0;-7.771.210;110.373.360
MAHESWARA_GSBC2020;20:45:52;0.06;29.5;70.7;99775.4;0;0.0;-7.771.210;110.373.360
MAHESWARA_GSBC2020;20:45:53;0.08;29.5;70.8;99774.7;0;0.0;-7.771.210;110.373.360
MAHESWARA_GSBC2020;20:45:54;0.04;29.5;71.0;99773.5;180;0.1;-7.771.211;110.373.360
MAHESWARA_GSBC2020;20:45:55;0.09;29.5;70.5;99773.6;180;0.1;-7.771.211;110.373.360
MAHESWARA_GSBC2020;20:45:56;0.00;29.5;70.5;99774.3;180;0.1;-7.771.212;110.373.360
MAHESWARA_GSBC2020;20:45:57;0.07;29.5;70.7;99772.3;0;0.1;-7.771.211;110.373.360
MAHESWARA_GSBC2020;20:45:58;0.10;29.5;70.8;99774.3;90;0.8;-7.771.211;110.373.367
MAHESWARA_GSBC2020;20:45:59;0.06;29.5;70.7;99775.0;180;0.1;-7.771.212;110.373.367
MAHESWARA_GSBC2020;20:46:00;0.00;29.5;70.9;99776.9;0;0.1;-7.771.211;110.373.367
MAHESWARA_GSBC2020;20:46:01;0.06;29.5;71.0;99774.5;0;0.1;-7.771.211;110.373.367
MAHESWARA_GSBC2020;20:46:02;0.08;29.5;71.0;99775.8;0;0.1;-7.771.210;110.373.367
MAHESWARA_GSBC2020;20:46:03;0.06;29.5;70.9;99773.0;180;0.1;-7.771.210;110.373.367
MAHESWARA_GSBC2020;20:46:04;0.05;29.5;70.9;99773.9;0;0.0;-7.771.210;110.373.367
MAHESWARA_GSBC2020;20:46:05;0.05;29.5;71.0;99775.2;0;0.0;-7.771.210;110.373.367
MAHESWARA_GSBC2020;20:46:06;0.08;29.5;71.1;99775.1;180;0.1;-7.771.211;110.373.367
MAHESWARA_GSBC2020;20:46:07;0.05;29.5;71.2;99776.0;0;0.0;-7.771.211;110.373.367
MAHESWARA_GSBC2020;20:46:08;0.04;29.5;71.0;99775.8;0;0.0;-7.771.211;110.373.367
MAHESWARA_GSBC2020;20:46:09;0.06;29.5;70.4;99775.4;180;0.1;-7.771.211;110.373.367
MAHESWARA_GSBC2020;20:46:10;0.11;29.5;70.9;99773.1;0;0.2;-7.771.210;110.373.367
MAHESWARA_GSBC2020;20:46:11;0.06;29.5;70.7;99774.5;0;0.0;-7.771.210;110.373.367
MAHESWARA_GSBC2020;20:46:12;0.09;29.5;69.8;99775.9;0;0.0;-7.771.210;110.373.367
MAHESWARA_GSBC2020;20:46:13;0.04;29.5;70.7;99774.6;0;0.1;-7.771.209;110.373.367
MAHESWARA_GSBC2020;20:46:14;0.02;29.5;70.8;99776.6;0;0.0;-7.771.209;110.373.367
MAHESWARA_GSBC2020;20:46:15;0.09;29.5;70.6;99775.1;0;0.0;-7.771.209;110.373.367
MAHESWARA_GSBC2020;20:46:16;0.01;29.5;70.6;99776.0;0;0.1;-7.771.208;110.373.367
MAHESWARA_GSBC2020;20:46:17;0.09;29.5;70.8;99773.9;0;0.1;-7.771.207;110.373.367
MAHESWARA_GSBC2020;20:46:18;0.11;29.5;70.1;99773.5;0;0.0;-7.771.207;110.373.367
MAHESWARA_GSBC2020;20:46:19;0.11;29.5;70.5;99773.5;0;0.0;-7.771.207;110.373.367
MAHESWARA_GSBC2020;20:46:20;0.02;29.5;70.7;99776.3;0;0.1;-7.771.207;110.373.367
MAHESWARA_GSBC2020;20:46:21;0.05;29.5;70.9;99774.2;180;0.1;-7.771.207;110.373.367
MAHESWARA_GSBC2020;20:46:22;0.03;29.5;71.0;99775.8;180;0.1;-7.771.208;110.373.367
MAHESWARA_GSBC2020;20:46:23;0.07;29.5;71.1;99774.0;180;0.1;-7.771.208;110.373.367
MAHESWARA_GSBC2020;20:46:24;0.02;29.5;71.1;99775.5;0;0.1;-7.771.208;110.373.367
MAHESWARA_GSBC2020;20:46:25;0.02;29.5;71.1;99775.1;180;0.1;-7.771.209;110.373.367
MAHESWARA_GSBC2020;20:46:26;0.05;29.5;71.2;99774.7;0;0.0;-7.771.209;110.373.367
MAHESWARA_GSBC2020;20:46:27;0.05;29.5;71.2;99775.3;180;0.2;-7.771.210;110.373.367
MAHESWARA_GSBC2020;20:46:28;0.00;29.5;70.7;99776.4;266;0.8;-7.771.211;110.373.360
MAHESWARA_GSBC2020;20:46:29;0.06;29.5;71.2;99775.0;180;0.1;-7.771.211;110.373.360
MAHESWARA_GSBC2020;20:46:30;0.03;29.5;71.3;99774.1;180;0.1;-7.771.212;110.373.360
MAHESWARA_GSBC2020;20:46:31;0.06;29.5;71.1;99777.1;180;0.1;-7.771.213;110.373.360
MAHESWARA_GSBC2020;20:46:32;0.05;29.5;71.1;99774.6;0;0.0;-7.771.213;110.373.360
MAHESWARA_GSBC2020;20:46:33;0.00;29.5;71.7;99777.1;284;0.9;-7.771.211;110.373.352
MAHESWARA_GSBC2020;20:46:34;0.02;29.5;71.3;99779.0;0;0.0;-7.771.211;110.373.352
MAHESWARA_GSBC2020;20:46:35;0.00;29.5;71.6;99779.0;0;0.0;-7.771.211;110.373.352
MAHESWARA_GSBC2020;20:46:36;0.01;29.5;71.0;99777.4;180;0.1;-7.771.212;110.373.352
MAHESWARA_GSBC2020;20:46:37;0.00;29.5;71.0;99778.6;180;0.1;-7.771.213;110.373.352
MAHESWARA_GSBC2020;20:46:38;0.09;29.5;71.4;99777.2;180;0.1;-7.771.213;110.373.352
MAHESWARA_GSBC2020;20:46:39;0.07;29.5;71.7;99778.6;180;0.1;-7.771.214;110.373.352
MAHESWARA_GSBC2020;20:46:40;0.08;29.5;70.9;99778.0;0;0.1;-7.771.213;110.373.352
MAHESWARA_GSBC2020;20:46:41;0.13;29.5;71.9;99777.1;0;0.0;-7.771.213;110.373.352
MAHESWARA_GSBC2020;20:46:42;0.14;29.5;70.8;99776.2;180;0.1;-7.771.214;110.373.352
MAHESWARA_GSBC2020;20:46:43;0.20;29.5;71.0;99776.8;0;0.0;-7.771.214;110.373.352
MAHESWARA_GSBC2020;20:46:44;0.21;29.5;70.9;99775.7;180;0.1;-7.771.214;110.373.352
MAHESWARA_GSBC2020;20:46:45;0.20;29.5;70.6;99776.4;180;0.2;-7.771.216;110.373.352
MAHESWARA_GSBC2020;20:46:46;0.14;29.5;70.9;99776.1;180;0.1;-7.771.217;110.373.352
MAHESWARA_GSBC2020;20:46:47;0.14;29.5;70.9;99778.1;180;0.1;-7.771.217;110.373.352
MAHESWARA_GSBC2020;20:46:48;0.12;29.5;70.9;99778.8;0;0.0;-7.771.217;110.373.352
MAHESWARA_GSBC2020;20:46:49;0.16;29.5;70.9;99774.1;180;0.1;-7.771.218;110.373.352
MAHESWARA_GSBC2020;20:46:50;0.14;29.5;71.0;99776.7;0;0.0;-7.771.218;110.373.352
MAHESWARA_GSBC2020;20:46:51;0.15;29.5;71.0;99776.2;0;0.0;-7.771.218;110.373.352
MAHESWARA_GSBC2020;20:46:52;0.12;29.5;70.9;99774.8;180;0.1;-7.771.219;110.373.352
MAHESWARA_GSBC2020;20:46:53;0.18;29.5;70.9;99777.7;0;0.1;-7.771.218;110.373.352
MAHESWARA_GSBC2020;20:46:54;0.17;29.5;70.8;99777.6;0;0.0;-7.771.218;110.373.352
MAHESWARA_GSBC2020;20:46:55;0.06;29.5;70.7;99779.9;0;0.1;-7.771.217;110.373.352
MAHESWARA_GSBC2020;20:46:56;0.07;29.5;70.6;99777.4;0;0.1;-7.771.217;110.373.352
MAHESWARA_GSBC2020;20:46:57;0.05;29.5;70.6;99778.7;0;0.1;-7.771.216;110.373.352
MAHESWARA_GSBC2020;20:46:58;0.03;29.5;70.3;99780.4;0;0.1;-7.771.216;110.373.352
MAHESWARA_GSBC2020;20:46:59;0.20;29.6;70.4;99778.2;0;0.1;-7.771.215;110.373.352
MAHESWARA_GSBC2020;20:47:00;0.13;29.6;70.5;99777.5;0;0.1;-7.771.214;110.373.352
MAHESWARA_GSBC2020;20:47:01;0.12;29.5;70.5;99777.2;0;0.0;-7.771.214;110.373.352
MAHESWARA_GSBC2020;20:47:02;1.58;30.5;70.4;99768.1;0;0.1;-7.771.214;110.373.352
MAHESWARA_GSBC2020;20:47:03;2.94;29.8;70.7;99772.7;0;0.2;-7.771.213;110.373.352
MAHESWARA_GSBC2020;20:47:04;2.66;30.2;71.0;99768.8;274;0.8;-7.771.212;110.373.344
MAHESWARA_GSBC2020;20:47:05;2.61;29.9;71.5;99777.7;180;0.1;-7.771.213;110.373.344
MAHESWARA_GSBC2020;20:47:06;2.53;29.9;70.2;99776.8;0;0.0;-7.771.213;110.373.344
MAHESWARA_GSBC2020;20:47:07;2.55;29.8;70.8;99777.9;0;0.2;-7.771.211;110.373.344
MAHESWARA_GSBC2020;20:47:08;2.41;29.8;70.8;99778.8;0;0.2;-7.771.210;110.373.344
MAHESWARA_GSBC2020;20:47:09;2.52;29.8;71.0;99778.5;0;0.0;-7.771.210;110.373.344
MAHESWARA_GSBC2020;20:47:10;2.50;29.8;70.8;99774.4;180;0.1;-7.771.211;110.373.344
MAHESWARA_GSBC2020;20:47:11;2.52;29.8;70.8;99776.6;0;0.0;-7.771.211;110.373.344
MAHESWARA_GSBC2020;20:47:12;2.58;29.8;70.7;99775.1;0;0.0;-7.771.211;110.373.344
MAHESWARA_GSBC2020;20:47:13;2.60;29.8;70.8;99775.3;0;0.2;-7.771.209;110.373.344
MAHESWARA_GSBC2020;20:47:14;2.54;29.8;70.7;99775.7;0;0.1;-7.771.209;110.373.344
MAHESWARA_GSBC2020;20:47:15;2.53;29.8;70.7;99778.0;0;0.1;-7.771.208;110.373.344
MAHESWARA_GSBC2020;20:47:16;2.57;29.8;70.3;99777.0;0;0.0;-7.771.208;110.373.344
MAHESWARA_GSBC2020;20:47:17;2.58;29.8;70.6;99777.9;0;0.2;-7.771.206;110.373.344
MAHESWARA_GSBC2020;20:47:18;2.57;29.8;70.6;99777.2;0;0.1;-7.771.206;110.373.344
MAHESWARA_GSBC2020;20:47:19;2.52;29.8;70.5;99776.8;0;0.2;-7.771.204;110.373.344
MAHESWARA_GSBC2020;20:47:20;2.44;29.8;70.6;99778.6;180;0.1;-7.771.204;110.373.344
MAHESWARA_GSBC2020;20:47:21;2.50;29.8;70.4;99776.3;274;0.8;-7.771.204;110.373.337
MAHESWARA_GSBC2020;20:47:22;2.50;29.8;70.6;99779.5;0;0.0;-7.771.204;110.373.337
MAHESWARA_GSBC2020;20:47:23;2.52;29.8;70.8;99777.7;0;0.1;-7.771.203;110.373.337
MAHESWARA_GSBC2020;20:47:24;2.55;29.8;71.0;99775.9;86;0.8;-7.771.203;110.373.344
MAHESWARA_GSBC2020;20:47:25;2.51;29.8;70.5;99778.6;259;0.9;-7.771.204;110.373.337
MAHESWARA_GSBC2020;20:47:26;2.55;29.8;69.8;99776.1;0;0.0;-7.771.204;110.373.337
MAHESWARA_GSBC2020;20:47:27;2.54;29.8;70.0;99777.8;180;0.1;-7.771.204;110.373.337
MAHESWARA_GSBC2020;20:47:28;2.53;29.8;70.2;99779.0;0;0.0;-7.771.204;110.373.337
MAHESWARA_GSBC2020;20:47:29;2.57;29.8;70.3;99777.3;180;0.1;-7.771.205;110.373.337
MAHESWARA_GSBC2020;20:47:30;2.63;29.8;70.2;99775.9;180;0.2;-7.771.206;110.373.337
MAHESWARA_GSBC2020;20:47:31;2.54;29.8;70.2;99777.5;256;0.9;-7.771.208;110.373.329
MAHESWARA_GSBC2020;20:47:32;2.57;29.8;70.2;99775.8;180;0.2;-7.771.210;110.373.329
MAHESWARA_GSBC2020;20:47:33;2.55;29.8;70.2;99776.1;180;0.2;-7.771.212;110.373.329
MAHESWARA_GSBC2020;20:47:34;2.56;29.8;70.4;99778.1;180;0.1;-7.771.213;110.373.329
MAHESWARA_GSBC2020;20:47:35;2.53;29.8;70.5;99778.1;97;0.8;-7.771.214;110.373.337
MAHESWARA_GSBC2020;20:47:36;2.56;29.8;70.7;99777.1;180;0.1;-7.771.214;110.373.337
MAHESWARA_GSBC2020;20:47:37;2.55;29.8;70.7;99778.0;180;0.1;-7.771.215;110.373.337
MAHESWARA_GSBC2020;20:47:38;2.55;29.8;71.0;99777.1;180;0.1;-7.771.215;110.373.337
MAHESWARA_GSBC2020;20:47:39;2.58;29.8;70.9;99776.4;180;0.1;-7.771.216;110.373.337
MAHESWARA_GSBC2020;20:47:40;2.49;29.8;70.9;99777.2;180;0.1;-7.771.217;110.373.337
MAHESWARA_GSBC2020;20:47:41;2.55;29.8;70.7;99777.1;101;0.9;-7.771.219;110.373.344
MAHESWARA_GSBC2020;20:47:42;2.56;29.8;70.3;99777.4;0;0.2;-7.771.217;110.373.344
MAHESWARA_GSBC2020;20:47:43;2.57;29.7;70.6;99776.5;180;0.2;-7.771.219;110.373.344
MAHESWARA_GSBC2020;20:47:44;2.49;29.7;70.5;99777.1;180;0.1;-7.771.219;110.373.344
MAHESWARA_GSBC2020;20:47:45;2.55;29.7;70.1;99777.2;180;0.1;-7.771.220;110.373.344
MAHESWARA_GSBC2020;20:47:46;2.53;29.7;70.6;99777.2;90;0.8;-7.771.220;110.373.352
MAHESWARA_GSBC2020;20:47:47;2.48;29.7;70.5;99777.6;0;0.1;-7.771.219;110.373.352
MAHESWARA_GSBC2020;20:47:48;2.52;29.7;70.6;99777.4;0;0.1;-7.771.219;110.373.352
MAHESWARA_GSBC2020;20:47:49;2.48;29.7;70.6;99775.7;0;0.2;-7.771.217;110.373.352
MAHESWARA_GSBC2020;20:47:50;2.55;29.7;70.6;99778.2;0;0.2;-7.771.215;110.373.352
MAHESWARA_GSBC2020;20:47:51;2.56;29.7;70.7;99777.3;0;0.0;-7.771.215;110.373.352
MAHESWARA_GSBC2020;20:47:52;2.54;29.7;70.6;99777.2;86;0.8;-7.771.215;110.373.360
MAHESWARA_GSBC2020;20:47:53;2.56;29.7;70.7;99777.6;180;0.1;-7.771.215;110.373.360
MAHESWARA_GSBC2020;20:47:54;2.52;29.7;70.6;99777.2;0;0.1;-7.771.215;110.373.360
MAHESWARA_GSBC2020;20:47:55;2.55;29.7;70.7;99775.7;180;0.1;-7.771.215;110.373.360
MAHESWARA_GSBC2020;20:47:56;2.60;29.7;70.6;99775.6;97;0.8;-7.771.216;110.373.367
MAHESWARA_GSBC2020;20:47:57;2.54;29.7;70.4;99777.7;0;0.1;-7.771.216;110.373.367
MAHESWARA_GSBC2020;20:47:58;2.46;29.7;69.8;99776.7;0;0.1;-7.771.215;110.373.367
MAHESWARA_GSBC2020;20:47:59;2.56;29.7;70.6;99776.4;0;0.1;-7.771.214;110.373.367
MAHESWARA_GSBC2020;20:48:00;2.58;29.7;70.5;99775.8;0;0.1;-7.771.214;110.373.367
MAHESWARA_GSBC2020;20:48:01;2.55;29.7;70.7;99779.0;180;0.1;-7.771.214;110.373.367
MAHESWARA_GSBC2020;20:48:02;2.51;29.7;70.7;99777.3;180;0.1;-7.771.215;110.373.367
MAHESWARA_GSBC2020;20:48:03;2.49;29.7;70.6;99776.9;0;0.1;-7.771.214;110.373.367
MAHESWARA_GSBC2020;20:48:04;2.52;29.7;70.6;99777.3;0;0.1;-7.771.214;110.373.367
MAHESWARA_GSBC2020;20:48:05;2.53;29.7;70.6;99776.8;0;0.2;-7.771.213;110.373.367
MAHESWARA_GSBC2020;20:48:06;2.47;29.7;70.8;99777.0;0;0.2;-7.771.211;110.373.367
MAHESWARA_GSBC2020;20:48:07;2.52;29.7;71.0;99776.9;0;0.1;-7.771.210;110.373.367
MAHESWARA_GSBC2020;20:48:08;2.49;29.7;70.7;99776.8;0;0.1;-7.771.209;110.373.367
MAHESWARA_GSBC2020;20:48:09;2.55;29.7;70.8;99778.1;270;0.8;-7.771.209;110.373.360
MAHESWARA_GSBC2020;20:48:10;2.49;29.7;70.9;99777.3;180;0.1;-7.771.209;110.373.360
MAHESWARA_GSBC2020;20:48:11;2.35;29.7;70.4;99779.1;0;0.1;-7.771.209;110.373.360
MAHESWARA_GSBC2020;20:48:12;2.42;29.7;70.8;99779.5;180;0.1;-7.771.209;110.373.360
MAHESWARA_GSBC2020;20:48:13;2.47;29.7;70.3;99776.9;0;0.1;-7.771.209;110.373.360
MAHESWARA_GSBC2020;20:48:14;2.35;29.7;69.8;99779.2;0;0.0;-7.771.209;110.373.360
MAHESWARA_GSBC2020;20:48:16;2.46;29.7;70.2;99778.4;266;0.8;-7.771.209;110.373.352
MAHESWARA_GSBC2020;20:48:17;2.46;29.7;70.2;99778.6;0;0.0;-7.771.209;110.373.352
MAHESWARA_GSBC2020;20:48:18;2.46;29.7;70.3;99777.2;0;0.0;-7.771.209;110.373.352
MAHESWARA_GSBC2020;20:48:19;2.51;29.7;70.8;99776.5;180;0.1;-7.771.210;110.373.352
MAHESWARA_GSBC2020;20:48:20;2.47;29.7;70.7;99778.2;0;0.1;-7.771.209;110.373.352
MAHESWARA_GSBC2020;20:48:21;2.49;29.7;70.6;99778.4;0;0.1;-7.771.209;110.373.352
MAHESWARA_GSBC2020;20:48:22;2.44;29.7;70.5;99778.0;0;0.1;-7.771.208;110.373.352
MAHESWARA_GSBC2020;20:48:23;2.49;29.7;70.4;99778.7;0;0.1;-7.771.208;110.373.352
MAHESWARA_GSBC2020;20:48:24;2.46;29.7;70.6;99778.4;180;0.1;-7.771.209;110.373.352
MAHESWARA_GSBC2020;20:48:25;2.41;29.7;70.8;99779.8;270;0.8;-7.771.209;110.373.344
MAHESWARA_GSBC2020;20:48:26;2.41;29.7;71.4;99778.9;0;0.0;-7.771.209;110.373.344
MAHESWARA_GSBC2020;20:48:27;2.48;29.7;70.8;99778.0;94;0.8;-7.771.209;110.373.352
MAHESWARA_GSBC2020;20:48:28;2.49;29.7;70.6;99777.3;180;0.1;-7.771.210;110.373.352
MAHESWARA_GSBC2020;20:48:29;2.45;29.7;71.1;99777.1;180;0.1;-7.771.210;110.373.352
MAHESWARA_GSBC2020;20:48:30;2.50;29.7;71.2;99778.0;180;0.1;-7.771.211;110.373.352
MAHESWARA_GSBC2020;20:48:31;2.47;29.7;71.2;99778.7;266;0.8;-7.771.211;110.373.344
MAHESWARA_GSBC2020;20:48:32;2.40;29.7;71.0;99778.1;0;0.0;-7.771.211;110.373.344
MAHESWARA_GSBC2020;20:48:33;2.51;29.7;70.8;99777.1;180;0.2;-7.771.213;110.373.344
MAHESWARA_GSBC2020;20:48:34;2.51;29.7;69.9;99781.7;180;0.2;-7.771.214;110.373.344
MAHESWARA_GSBC2020;20:48:35;2.37;29.7;70.2;99781.6;180;0.1;-7.771.214;110.373.344
MAHESWARA_GSBC2020;20:48:36;2.41;29.7;70.0;99778.9;180;0.1;-7.771.215;110.373.344
MAHESWARA_GSBC2020;20:48:37;2.39;29.7;69.8;99778.8;180;0.2;-7.771.217;110.373.344
MAHESWARA_GSBC2020;20:48:38;2.38;29.7;69.8;99779.6;0;0.1;-7.771.216;110.373.344
MAHESWARA_GSBC2020;20:48:39;2.46;29.7;70.1;99779.9;180;0.1;-7.771.217;110.373.344
MAHESWARA_GSBC2020;20:48:40;2.42;29.7;70.2;99779.8;180;0.1;-7.771.217;110.373.344
MAHESWARA_GSBC2020;20:48:41;2.39;29.7;70.6;99778.1;180;0.1;-7.771.218;110.373.344
MAHESWARA_GSBC2020;20:48:42;2.38;29.7;70.2;99779.5;180;0.1;-7.771.218;110.373.344
MAHESWARA_GSBC2020;20:48:43;2.43;29.7;70.3;99780.4;180;0.1;-7.771.219;110.373.344
MAHESWARA_GSBC2020;20:48:44;2.38;29.7;70.5;99779.8;97;0.8;-7.771.220;110.373.352
MAHESWARA_GSBC2020;20:48:45;2.34;29.7;70.5;99780.4;180;0.1;-7.771.221;110.373.352
MAHESWARA_GSBC2020;20:48:46;2.44;29.7;70.8;99777.2;0;0.2;-7.771.220;110.373.352
MAHESWARA_GSBC2020;20:48:47;2.35;29.7;70.7;99781.2;0;0.1;-7.771.219;110.373.352
MAHESWARA_GSBC2020;20:48:48;2.32;29.7;70.3;99779.6;0;0.0;-7.771.219;110.373.352
MAHESWARA_GSBC2020;20:48:49;2.36;29.6;70.4;99778.1;180;0.1;-7.771.220;110.373.352
MAHESWARA_GSBC2020;20:48:50;2.39;29.6;70.8;99777.3;104;0.9;-7.771.222;110.373.360
MAHESWARA_GSBC2020;20:48:51;2.36;29.6;70.8;99777.3;180;0.1;-7.771.222;110.373.360
MAHESWARA_GSBC2020;20:48:52;2.40;29.6;70.7;99777.7;180;0.1;-7.771.223;110.373.360
MAHESWARA_GSBC2020;20:48:53;2.35;29.6;70.6;99780.9;180;0.1;-7.771.224;110.373.360
MAHESWARA_GSBC2020;20:48:54;2.34;29.6;69.9;99779.9;83;0.8;-7.771.223;110.373.367
MAHESWARA_GSBC2020;20:48:55;2.37;29.6;70.2;99780.9;180;0.1;-7.771.223;110.373.367
MAHESWARA_GSBC2020;20:48:56;2.29;29.6;70.3;99780.3;0;0.1;-7.771.222;110.373.367
MAHESWARA_GSBC2020;20:48:57;2.30;29.6;70.4;99779.4;90;0.8;-7.771.222;110.373.375
MAHESWARA_GSBC2020;20:48:58;2.33;29.6;70.5;99782.2;0;0.1;-7.771.221;110.373.375
MAHESWARA_GSBC2020;20:48:59;2.28;29.6;70.5;99779.9;0;0.2;-7.771.219;110.373.375
MAHESWARA_GSBC2020;20:49:00;2.30;29.6;70.5;99782.7;0;0.0;-7.771.219;110.373.375
MAHESWARA_GSBC2020;20:49:01;2.28;29.6;70.7;99782.8;0;0.0;-7.771.219;110.373.375
MAHESWARA_GSBC2020;20:49:02;2.26;29.6;70.5;99782.8;180;0.2;-7.771.221;110.373.375
MAHESWARA_GSBC2020;20:49:03;2.29;29.6;70.7;99780.0;0;0.1;-7.771.220;110.373.375
MAHESWARA_GSBC2020;20:49:04;2.19;29.6;70.6;99781.8;0;0.1;-7.771.219;110.373.375
MAHESWARA_GSBC2020;20:49:05;2.24;29.6;70.8;99780.4;0;0.3;-7.771.216;110.373.375
MAHESWARA_GSBC2020;20:49:06;2.22;29.6;71.0;99782.1;0;0.2;-7.771.215;110.373.375
MAHESWARA_GSBC2020;20:49:07;2.21;29.6;70.8;99780.0;0;0.1;-7.771.214;110.373.375
MAHESWARA_GSBC2020;20:49:08;2.18;29.6;71.1;99781.5;0;0.2;-7.771.213;110.373.375
MAHESWARA_GSBC2020;20:49:09;2.23;29.6;70.3;99782.2;0;0.2;-7.771.211;110.373.375
MAHESWARA_GSBC2020;20:49:10;2.25;29.6;70.7;99779.4;0;0.2;-7.771.209;110.373.375
MAHESWARA_GSBC2020;20:49:11;2.27;29.6;71.1;99780.9;0;0.1;-7.771.209;110.373.375
MAHESWARA_GSBC2020;20:49:12;2.20;29.6;70.3;99780.5;0;0.0;-7.771.209;110.373.375
MAHESWARA_GSBC2020;20:49:13;2.09;29.6;70.6;99782.9;0;0.1;-7.771.208;110.373.375
MAHESWARA_GSBC2020;20:49:14;2.21;29.6;69.9;99780.5;270;0.8;-7.771.208;110.373.367
MAHESWARA_GSBC2020;20:49:15;2.21;29.6;70.5;99779.5;86;0.8;-7.771.207;110.373.375
MAHESWARA_GSBC2020;20:49:16;2.22;29.6;70.5;99781.5;274;0.8;-7.771.207;110.373.367
MAHESWARA_GSBC2020;20:49:17;2.18;29.6;70.4;99781.9;0;0.1;-7.771.206;110.373.367
MAHESWARA_GSBC2020;20:49:18;2.16;29.6;70.4;99782.4;180;0.1;-7.771.206;110.373.367
MAHESWARA_GSBC2020;20:49:19;2.11;29.6;70.4;99782.8;0;0.1;-7.771.206;110.373.367
MAHESWARA_GSBC2020;20:49:20;2.15;29.6;70.3;99781.8;0;0.1;-7.771.205;110.373.367
MAHESWARA_GSBC2020;20:49:21;2.18;29.6;70.6;99781.5;0;0.2;-7.771.204;110.373.367
MAHESWARA_GSBC2020;20:49:22;2.18;29.6;70.4;99782.9;180;0.1;-7.771.204;110.373.367
MAHESWARA_GSBC2020;20:49:23;2.13;29.6;70.7;99782.1;0;0.1;-7.771.204;110.373.367
MAHESWARA_GSBC2020;20:49:24;2.11;29.6;70.6;99782.8;180;0.1;-7.771.205;110.373.367
MAHESWARA_GSBC2020;20:49:25;2.02;29.6;69.8;99783.5;0;0.0;-7.771.205;110.373.367
MAHESWARA_GSBC2020;20:49:26;2.09;29.6;70.4;99782.8;0;0.0;-7.771.205;110.373.367
MAHESWARA_GSBC2020;20:49:27;2.05;29.6;70.4;99782.9;266;0.8;-7.771.205;110.373.360
MAHESWARA_GSBC2020;20:49:28;2.07;29.6;70.8;99782.6;0;0.1;-7.771.205;110.373.360
MAHESWARA_GSBC2020;20:49:29;1.99;29.6;70.4;99783.7;0;0.0;-7.771.205;110.373.360
MAHESWARA_GSBC2020;20:49:30;1.98;29.6;70.7;99784.9;0;0.0;-7.771.205;110.373.360
MAHESWARA_GSBC2020;20:49:31;2.08;29.6;70.8;99781.4;0;0.1;-7.771.204;110.373.360
MAHESWARA_GSBC2020;20:49:32;2.03;29.6;70.5;99783.1;180;0.1;-7.771.205;110.373.360
MAHESWARA_GSBC2020;20:49:33;2.09;29.6;70.5;99781.4;0;0.1;-7.771.204;110.373.360
MAHESWARA_GSBC2020;20:49:34;2.06;29.6;70.6;99782.8;180;0.1;-7.771.204;110.373.360
MAHESWARA_GSBC2020;20:49:35;2.04;29.6;70.6;99782.9;180;0.2;-7.771.206;110.373.360
MAHESWARA_GSBC2020;20:49:36;2.02;29.6;70.6;99784.7;180;0.1;-7.771.206;110.373.360
MAHESWARA_GSBC2020;20:49:37;1.94;29.6;70.7;99784.3;180;0.1;-7.771.207;110.373.360
MAHESWARA_GSBC2020;20:49:38;2.00;29.6;70.5;99784.0;180;0.1;-7.771.208;110.373.360
MAHESWARA_GSBC2020;20:49:39;2.06;29.6;70.7;99783.8;270;0.8;-7.771.208;110.373.352
MAHESWARA_GSBC2020;20:49:40;2.02;29.6;70.5;99782.6;0;0.1;-7.771.207;110.373.352
MAHESWARA_GSBC2020;20:49:41;2.05;29.6;70.3;99781.7;0;0.1;-7.771.207;110.373.352
MAHESWARA_GSBC2020;20:49:42;1.96;29.6;70.1;99784.5;0;0.2;-7.771.205;110.373.352
MAHESWARA_GSBC2020;20:49:43;2.04;29.6;70.5;99784.2;0;0.2;-7.771.203;110.373.352
MAHESWARA_GSBC2020;20:49:44;2.02;29.6;70.6;99785.4;0;0.1;-7.771.202;110.373.352
MAHESWARA_GSBC2020;20:49:45;1.90;29.6;70.7;99784.3;0;0.2;-7.771.200;110.373.352
MAHESWARA_GSBC2020;20:49:46;1.93;29.6;70.8;99782.2;0;0.3;-7.771.198;110.373.352
MAHESWARA_GSBC2020;20:49:47;1.92;29.6;70.3;99782.9;0;0.1;-7.771.197;110.373.352
MAHESWARA_GSBC2020;20:49:48;1.92;29.6;70.5;99782.9;0;0.1;-7.771.196;110.373.352
MAHESWARA_GSBC2020;20:49:49;1.89;29.6;70.8;99785.3;0;0.2;-7.771.195;110.373.352
MAHESWARA_GSBC2020;20:49:50;1.93;29.6;71.2;99784.2;0;0.1;-7.771.194;110.373.352
MAHESWARA_GSBC2020;20:49:51;1.94;29.6;71.0;99784.3;83;0.8;-7.771.193;110.373.360
MAHESWARA_GSBC2020;20:49:52;1.87;29.6;70.7;99785.4;0;0.1;-7.771.193;110.373.360
MAHESWARA_GSBC2020;20:49:53;1.91;29.6;70.7;99784.3;0;0.1;-7.771.192;110.373.360
MAHESWARA_GSBC2020;20:49:54;1.94;29.6;70.8;99785.3;0;0.1;-7.771.192;110.373.360
MAHESWARA_GSBC2020;20:49:55;1.84;29.6;70.7;99783.9;180;0.1;-7.771.193;110.373.360
MAHESWARA_GSBC2020;20:49:56;1.84;29.6;70.7;99785.3;180;0.2;-7.771.194;110.373.360
MAHESWARA_GSBC2020;20:49:57;1.92;29.6;70.7;99785.4;180;0.2;-7.771.195;110.373.360
MAHESWARA_GSBC2020;20:49:58;1.87;29.6;70.5;99786.8;0;0.1;-7.771.195;110.373.360
MAHESWARA_GSBC2020;20:49:59;1.82;29.6;70.5;99784.3;180;0.1;-7.771.195;110.373.360
MAHESWARA_GSBC2020;20:50:00;1.80;29.6;70.6;99786.8;180;0.1;-7.771.196;110.373.360
MAHESWARA_GSBC2020;20:50:01;1.85;29.6;70.9;99785.1;180;0.1;-7.771.197;110.373.360
MAHESWARA_GSBC2020;20:50:02;1.82;29.6;70.6;99784.9;180;0.1;-7.771.197;110.373.360
MAHESWARA_GSBC2020;20:50:03;1.80;29.6;69.6;99786.2;0;0.0;-7.771.197;110.373.360
MAHESWARA_GSBC2020;20:50:04;1.89;29.6;69.8;99785.0;0;0.0;-7.771.197;110.373.360
MAHESWARA_GSBC2020;20:50:05;1.80;29.6;70.2;99786.4;0;0.0;-7.771.197;110.373.360
MAHESWARA_GSBC2020;20:50:06;1.84;29.6;69.5;99786.0;0;0.1;-7.771.197;110.373.360
MAHESWARA_GSBC2020;20:50:07;1.85;29.6;70.1;99786.7;0;0.1;-7.771.196;110.373.360
MAHESWARA_GSBC2020;20:50:08;1.84;29.6;70.1;99786.7;0;0.0;-7.771.196;110.373.360
MAHESWARA_GSBC2020;20:50:09;1.86;29.6;70.1;99785.8;0;0.1;-7.771.195;110.373.360
MAHESWARA_GSBC2020;20:50:10;1.82;29.6;70.1;99785.5;180;0.2;-7.771.197;110.373.360
MAHESWARA_GSBC2020;20:50:11;1.88;29.6;70.0;99785.8;0;0.0;-7.771.197;110.373.360
MAHESWARA_GSBC2020;20:50:12;1.91;29.5;70.2;99785.1;180;0.1;-7.771.197;110.373.360
MAHESWARA_GSBC2020;20:50:13;1.90;29.5;69.8;99786.9;180;0.1;-7.771.198;110.373.360
MAHESWARA_GSBC2020;20:50:14;1.96;29.5;70.2;99786.4;0;0.0;-7.771.198;110.373.360
MAHESWARA_GSBC2020;20:50:15;1.94;29.5;70.3;99783.6;180;0.1;-7.771.199;110.373.360
MAHESWARA_GSBC2020;20:50:16;1.84;29.5;70.1;99786.3;180;0.2;-7.771.200;110.373.360
MAHESWARA_GSBC2020;20:50:17;1.80;29.5;69.9;99787.0;180;0.1;-7.771.201;110.373.360
MAHESWARA_GSBC2020;20:50:18;1.83;29.5;69.7;99784.1;180;0.1;-7.771.202;110.373.360
MAHESWARA_GSBC2020;20:50:19;1.90;29.5;69.5;99785.9;180;0.2;-7.771.203;110.373.360
MAHESWARA_GSBC2020;20:50:20;1.81;29.5;70.3;99786.4;256;0.9;-7.771.205;110.373.352
MAHESWARA_GSBC2020;20:50:21;1.86;29.5;69.9;99785.3;180;0.1;-7.771.206;110.373.352
MAHESWARA_GSBC2020;20:50:22;1.87;29.5;70.5;99785.2;0;0.1;-7.771.205;110.373.352
MAHESWARA_GSBC2020;20:50:23;1.89;29.5;69.9;99785.2;180;0.2;-7.771.207;110.373.352
MAHESWARA_GSBC2020;20:50:24;1.89;29.5;70.1;99785.7;180;0.1;-7.771.208;110.373.352
MAHESWARA_GSBC2020;20:50:25;1.83;29.5;70.3;99785.5;180;0.2;-7.771.210;110.373.352
MAHESWARA_GSBC2020;20:50:26;1.82;29.5;70.4;99784.7;180;0.1;-7.771.210;110.373.352
MAHESWARA_GSBC2020;20:50:27;1.81;29.5;70.3;99785.2;180;0.1;-7.771.211;110.373.352
MAHESWARA_GSBC2020;20:50:28;1.84;29.5;70.2;99786.4;249;0.9;-7.771.214;110.373.344
MAHESWARA_GSBC2020;20:50:29;1.86;29.5;70.5;99785.1;83;0.8;-7.771.213;110.373.352
MAHESWARA_GSBC2020;20:50:30;1.87;29.5;70.2;99784.8;266;0.8;-7.771.213;110.373.344
MAHESWARA_GSBC2020;20:50:31;1.82;29.5;70.4;99786.6;180;0.1;-7.771.214;110.373.344
MAHESWARA_GSBC2020;20:50:32;1.88;29.5;70.1;99785.9;180;0.1;-7.771.214;110.373.344
MAHESWARA_GSBC2020;20:50:33;1.89;29.5;70.4;99784.8;0;0.1;-7.771.214;110.373.344
MAHESWARA_GSBC2020;20:50:34;1.83;29.5;70.6;99785.1;0;0.0;-7.771.214;110.373.344
MAHESWARA_GSBC2020;20:50:35;1.83;29.5;69.9;99785.0;0;0.0;-7.771.214;110.373.344
MAHESWARA_GSBC2020;20:50:36;1.81;29.5;70.6;99786.5;0;0.0;-7.771.214;110.373.344
MAHESWARA_GSBC2020;20:50:37;1.81;29.5;70.7;99785.1;83;0.8;-7.771.213;110.373.352
MAHESWARA_GSBC2020;20:50:38;1.81;29.5;70.5;99786.5;180;0.1;-7.771.213;110.373.352
MAHESWARA_GSBC2020;20:50:39;1.77;29.5;70.2;99785.5;0;0.1;-7.771.213;110.373.352
MAHESWARA_GSBC2020;20:50:40;1.68;29.5;69.8;99788.0;0;0.0;-7.771.213;110.373.352
MAHESWARA_GSBC2020;20:50:41;1.85;29.5;70.3;99783.8;0;0.2;-7.771.211;110.373.352
MAHESWARA_GSBC2020;20:50:42;1.83;29.5;70.7;99788.1;180;0.1;-7.771.212;110.373.352
MAHESWARA_GSBC2020;20:50:43;1.83;29.5;70.1;99787.1;0;0.1;-7.771.211;110.373.352
MAHESWARA_GSBC2020;20:50:44;1.74;29.5;70.6;99788.3;0;0.0;-7.771.211;110.373.352
MAHESWARA_GSBC2020;20:50:45;1.80;29.5;70.6;99785.9;0;0.0;-7.771.211;110.373.352
MAHESWARA_GSBC2020;20:50:46;1.74;29.5;70.7;99789.4;0;0.1;-7.771.210;110.373.352
MAHESWARA_GSBC2020;20:50:47;1.80;29.5;70.5;99786.0;180;0.1;-7.771.211;110.373.352
MAHESWARA_GSBC2020;20:50:48;1.74;29.5;70.5;99789.5;0;0.2;-7.771.209;110.373.352
MAHESWARA_GSBC2020;20:50:49;1.81;29.5;70.5;99785.3;0;0.3;-7.771.207;110.373.352
MAHESWARA_GSBC2020;20:50:50;1.72;29.5;70.4;99787.4;0;0.1;-7.771.206;110.373.352
MAHESWARA_GSBC2020;20:50:51;1.82;29.5;70.3;99785.5;0;0.1;-7.771.205;110.373.352
MAHESWARA_GSBC2020;20:50:52;1.83;29.5;70.2;99785.8;274;0.8;-7.771.205;110.373.344
MAHESWARA_GSBC2020;20:50:53;1.91;29.5;70.3;99786.1;0;0.1;-7.771.204;110.373.344
MAHESWARA_GSBC2020;20:50:54;1.86;29.5;70.1;99787.2;180;0.1;-7.771.205;110.373.344
MAHESWARA_GSBC2020;20:50:55;1.90;29.5;70.2;99784.3;0;0.1;-7.771.204;110.373.344
MAHESWARA_GSBC2020;20:50:56;1.90;29.5;69.7;99785.4;0;0.1;-7.771.204;110.373.344
MAHESWARA_GSBC2020;20:50:57;1.87;29.5;70.1;99783.3;0;0.0;-7.771.204;110.373.344
MAHESWARA_GSBC2020;20:50:58;1.88;29.5;70.3;99785.6;0;0.1;-7.771.203;110.373.344
MAHESWARA_GSBC2020;20:50:59;1.93;29.5;70.4;99784.9;0;0.0;-7.771.203;110.373.344
MAHESWARA_GSBC2020;20:51:00;1.88;29.5;70.2;99786.2;180;0.1;-7.771.204;110.373.344
MAHESWARA_GSBC2020;20:51:01;1.85;29.5;70.2;99788.1;180;0.1;-7.771.204;110.373.344
MAHESWARA_GSBC2020;20:51:02;1.86;29.5;70.2;99786.2;90;0.8;-7.771.204;110.373.352
MAHESWARA_GSBC2020;20:51:03;1.93;29.5;69.6;99784.1;274;0.8;-7.771.204;110.373.344
MAHESWARA_GSBC2020;20:51:04;1.92;29.5;70.1;99785.5;0;0.1;-7.771.204;110.373.344
MAHESWARA_GSBC2020;20:51:05;1.90;29.5;70.1;99785.0;180;0.1;-7.771.204;110.373.344
MAHESWARA_GSBC2020;20:51:06;1.89;29.5;70.2;99785.7;0;0.1;-7.771.204;110.373.344
MAHESWARA_GSBC2020;20:51:07;1.96;29.5;70.1;99783.1;0;0.0;-7.771.204;110.373.344
MAHESWARA_GSBC2020;20:51:08;1.87;29.5;70.0;99786.2;90;0.8;-7.771.204;110.373.352
MAHESWARA_GSBC2020;20:51:09;1.94;29.5;70.0;99784.1;277;0.8;-7.771.203;110.373.344
MAHESWARA_GSBC2020;20:51:10;1.95;29.5;69.9;99784.4;180;0.1;-7.771.204;110.373.344
MAHESWARA_GSBC2020;20:51:11;1.97;29.5;69.9;99784.8;0;0.1;-7.771.203;110.373.344
MAHESWARA_GSBC2020;20:51:12;1.98;29.4;69.9;99783.9;90;0.8;-7.771.203;110.373.352
MAHESWARA_GSBC2020;20:51:13;1.95;29.4;70.2;99784.1;0;0.1;-7.771.202;110.373.352
MAHESWARA_GSBC2020;20:51:14;1.94;29.5;70.1;99787.2;0;0.1;-7.771.202;110.373.352
MAHESWARA_GSBC2020;20:51:15;1.92;29.5;70.3;99785.9;281;0.9;-7.771.200;110.373.344
MAHESWARA_GSBC2020;20:51:16;1.94;29.5;70.2;99783.7;94;0.8;-7.771.201;110.373.352
MAHESWARA_GSBC2020;20:51:17;1.92;29.5;70.6;99784.6;0;0.0;-7.771.201;110.373.352
MAHESWARA_GSBC2020;20:51:18;1.90;29.5;70.5;99784.5;180;0.1;-7.771.201;110.373.352
MAHESWARA_GSBC2020;20:51:19;1.93;29.5;70.2;99786.3;0;0.0;-7.771.201;110.373.352
MAHESWARA_GSBC2020;20:51:20;1.90;29.5;70.8;99784.9;180;0.2;-7.771.203;110.373.352
MAHESWARA_GSBC2020;20:51:21;1.92;29.5;70.8;99785.4;180;0.1;-7.771.203;110.373.352
MAHESWARA_GSBC2020;20:51:22;1.90;29.4;70.9;99784.8;180;0.1;-7.771.204;110.373.352
MAHESWARA_GSBC2020;20:51:23;1.92;29.4;69.9;99784.7;180;0.1;-7.771.204;110.373.352
MAHESWARA_GSBC2020;20:51:24;1.90;29.4;70.1;99783.9;180;0.1;-7.771.205;110.373.352
MAHESWARA_GSBC2020;20:51:25;1.94;29.4;70.8;99784.7;180;0.1;-7.771.206;110.373.352
MAHESWARA_GSBC2020;20:51:26;1.91;29.4;69.6;99785.0;94;0.8;-7.771.206;110.373.360
MAHESWARA_GSBC2020;20:51:27;1.88;29.4;70.7;99784.5;180;0.1;-7.771.207;110.373.360
MAHESWARA_GSBC2020;20:51:28;1.86;29.4;70.2;99785.6;180;0.1;-7.771.208;110.373.360
MAHESWARA_GSBC2020;20:51:29;1.82;29.4;70.2;99785.8;0;0.1;-7.771.207;110.373.360
MAHESWARA_GSBC2020;20:51:30;1.88;29.4;70.1;99787.5;180;0.1;-7.771.208;110.373.360
MAHESWARA_GSBC2020;20:51:31;1.88;29.4;70.2;99783.7;0;0.0;-7.771.208;110.373.360
MAHESWARA_GSBC2020;20:51:33;1.90;29.4;70.2;99784.6;0;0.0;-7.771.208;110.373.360
MAHESWARA_GSBC2020;20:51:34;1.93;29.4;70.2;99783.6;0;0.1;-7.771.207;110.373.360
MAHESWARA_GSBC2020;20:51:35;1.91;29.4;70.3;99783.6;180;0.1;-7.771.208;110.373.360
MAHESWARA_GSBC2020;20:51:36;1.90;29.4;70.3;99786.0;0;0.0;-7.771.208;110.373.360
MAHESWARA_GSBC2020;20:51:37;1.87;29.4;70.2;99785.6;180;0.1;-7.771.208;110.373.360
MAHESWARA_GSBC2020;20:51:38;1.75;29.4;70.6;99787.3;266;0.8;-7.771.209;110.373.352
MAHESWARA_GSBC2020;20:51:39;1.79;29.4;70.2;99788.6;180;0.1;-7.771.209;110.373.352
MAHESWARA_GSBC2020;20:51:40;1.85;29.4;70.2;99785.5;101;0.9;-7.771.211;110.373.360
MAHESWARA_GSBC2020;20:51:41;1.82;29.4;70.6;99785.4;180;0.1;-7.771.211;110.373.360
MAHESWARA_GSBC2020;20:51:42;1.85;29.4;70.1;99784.2;0;0.0;-7.771.211;110.373.360
MAHESWARA_GSBC2020;20:51:43;1.80;29.4;70.2;99784.9;0;0.0;-7.771.211;110.373.360
MAHESWARA_GSBC2020;20:51:44;1.83;29.4;70.0;99787.5;180;0.1;-7.771.212;110.373.360
MAHESWARA_GSBC2020;20:51:45;1.81;29.4;70.3;99786.6;0;0.0;-7.771.212;110.373.360
MAHESWARA_GSBC2020;20:51:46;1.83;29.4;70.3;99786.8;266;0.8;-7.771.212;110.373.352
MAHESWARA_GSBC2020;20:51:47;1.77;29.4;70.2;99786.8;90;0.8;-7.771.212;110.373.360
MAHESWARA_GSBC2020;20:51:48;1.81;29.4;70.2;99786.9;180;0.1;-7.771.213;110.373.360
MAHESWARA_GSBC2020;20:51:49;1.82;29.4;70.2;99784.1;0;0.0;-7.771.213;110.373.360
MAHESWARA_GSBC2020;20:51:50;1.82;29.4;69.7;99785.9;270;0.8;-7.771.213;110.373.352
MAHESWARA_GSBC2020;20:51:51;1.76;29.4;70.4;99787.3;0;0.0;-7.771.213;110.373.352
MAHESWARA_GSBC2020;20:51:52;1.85;29.4;70.2;99786.4;0;0.1;-7.771.212;110.373.352
MAHESWARA_GSBC2020;20:51:53;1.86;29.4;70.1;99784.1;0;0.1;-7.771.211;110.373.352
MAHESWARA_GSBC2020;20:51:54;1.77;29.4;70.4;99786.4;0;0.1;-7.771.211;110.373.352
MAHESWARA_GSBC2020;20:51:55;1.79;29.4;70.5;99786.8;0;0.1;-7.771.210;110.373.352
MAHESWARA_GSBC2020;20:51:56;1.77;29.4;70.1;99784.6;277;0.8;-7.771.209;110.373.344
MAHESWARA_GSBC2020;20:51:57;1.80;29.4;70.3;99786.3;0;0.1;-7.771.208;110.373.344
MAHESWARA_GSBC2020;20:51:58;1.86;29.4;69.9;99785.1;86;0.8;-7.771.208;110.373.352
MAHESWARA_GSBC2020;20:51:59;1.83;29.4;70.4;99787.4;274;0.8;-7.771.207;110.373.344
MAHESWARA_GSBC2020;20:52:00;1.82;29.4;70.9;99788.0;0;0.1;-7.771.207;110.373.344
MAHESWARA_GSBC2020;20:52:01;1.82;29.4;70.5;99785.7;0;0.1;-7.771.206;110.373.344
MAHESWARA_GSBC2020;20:52:02;1.79;29.4;70.2;99785.9;0;0.0;-7.771.206;110.373.344
MAHESWARA_GSBC2020;20:52:03;1.85;29.4;69.9;99786.8;0;0.1;-7.771.206;110.373.344
MAHESWARA_GSBC2020;20:52:04;1.87;29.4;70.2;99784.6;0;0.1;-7.771.205;110.373.344
MAHESWARA_GSBC2020;20:52:05;1.80;29.4;70.2;99785.9;0;0.1;-7.771.205;110.373.344
MAHESWARA_GSBC2020;20:52:06;1.74;29.4;70.2;99787.5;0;0.1;-7.771.204;110.373.344
MAHESWARA_GSBC2020;20:52:07;1.72;29.4;70.2;99785.5;0;0.0;-7.771.204;110.373.344
MAHESWARA_GSBC2020;20:52:08;1.84;29.4;70.2;99785.2;0;0.1;-7.771.204;110.373.344
MAHESWARA_GSBC2020;20:52:09;1.80;29.4;70.3;99785.9;0;0.0;-7.771.204;110.373.344
MAHESWARA_GSBC2020;20:52:10;1.83;29.4;70.3;99783.7;0;0.0;-7.771.204;110.373.344
MAHESWARA_GSBC2020;20:52:11;1.83;29.4;70.2;99785.7;0;0.1;-7.771.203;110.373.344
MAHESWARA_GSBC2020;20:52:12;1.75;29.4;70.4;99786.9;0;0.0;-7.771.203;110.373.344
MAHESWARA_GSBC2020;20:52:13;1.82;29.4;69.9;99784.9;0;0.1;-7.771.202;110.373.344
MAHESWARA_GSBC2020;20:52:14;1.82;29.4;70.0;99782.8;0;0.1;-7.771.202;110.373.344
MAHESWARA_GSBC2020;20:52:15;1.81;29.4;70.3;99786.9;0;0.1;-7.771.201;110.373.344
MAHESWARA_GSBC2020;20:52:16;1.84;29.4;69.9;99784.3;0;0.1;-7.771.200;110.373.344
MAHESWARA_GSBC2020;20:52:17;1.89;29.4;69.8;99784.5;0;0.1;-7.771.199;110.373.344
MAHESWARA_GSBC2020;20:52:18;1.86;29.4;70.7;99785.0;0;0.1;-7.771.198;110.373.344
MAHESWARA_GSBC2020;20:52:19;1.83;29.4;70.0;99785.0;0;0.1;-7.771.197;110.373.344
MAHESWARA_GSBC2020;20:52:20;1.83;29.4;71.0;99785.9;0;0.2;-7.771.195;110.373.344
MAHESWARA_GSBC2020;20:52:21;1.82;29.4;70.0;99785.8;0;0.1;-7.771.194;110.373.344
MAHESWARA_GSBC2020;20:52:22;1.82;29.4;70.3;99785.8;0;0.1;-7.771.194;110.373.344
MAHESWARA_GSBC2020;20:52:23;1.75;29.4;70.7;99786.8;0;0.1;-7.771.193;110.373.344
MAHESWARA_GSBC2020;20:52:24;1.79;29.4;69.9;99786.6;0;0.1;-7.771.193;110.373.344
MAHESWARA_GSBC2020;20:52:25;1.75;29.4;70.3;99787.7;0;0.0;-7.771.193;110.373.344
MAHESWARA_GSBC2020;20:52:26;1.79;29.4;70.4;99786.5;0;0.0;-7.771.193;110.373.344
MAHESWARA_GSBC2020;20:52:27;1.76;29.4;70.8;99784.7;0;0.0;-7.771.193;110.373.344
MAHESWARA_GSBC2020;20:52:28;1.71;29.4;70.2;99786.8;0;0.1;-7.771.192;110.373.344
MAHESWARA_GSBC2020;20:52:29;1.74;29.4;70.4;99787.0;0;0.1;-7.771.191;110.373.344
MAHESWARA_GSBC2020;20:52:30;1.65;29.4;70.3;99788.3;0;0.1;-7.771.190;110.373.344
MAHESWARA_GSBC2020;20:52:31;1.75;29.4;70.5;99788.9;0;0.0;-7.771.190;110.373.344
MAHESWARA_GSBC2020;20:52:32;1.76;29.4;70.3;99787.0;0;0.1;-7.771.189;110.373.344
MAHESWARA_GSBC2020;20:52:33;1.70;29.4;70.3;99787.7;180;0.1;-7.771.190;110.373.344
MAHESWARA_GSBC2020;20:52:34;1.68;29.4;70.3;99787.4;0;0.0;-7.771.190;110.373.344
MAHESWARA_GSBC2020;20:52:35;1.81;29.4;70.3;99785.8;0;0.0;-7.771.190;110.373.344
MAHESWARA_GSBC2020;20:52:36;1.71;29.4;70.2;99786.6;0;0.1;-7.771.189;110.373.344
MAHESWARA_GSBC2020;20:52:37;1.64;29.4;70.1;99787.5;0;0.0;-7.771.189;110.373.344
MAHESWARA_GSBC2020;20:52:38;1.71;29.4;70.4;99786.6;180;0.1;-7.771.189;110.373.344
MAHESWARA_GSBC2020;20:52:39;1.72;29.4;70.1;99786.5;0;0.1;-7.771.189;110.373.344
MAHESWARA_GSBC2020;20:52:40;1.79;29.4;69.7;99785.8;0;0.0;-7.771.189;110.373.344
MAHESWARA_GSBC2020;20:52:41;1.71;29.4;70.5;99787.7;0;0.1;-7.771.188;110.373.344
MAHESWARA_GSBC2020;20:52:42;1.75;29.4;69.6;99785.0;90;0.8;-7.771.188;110.373.352
MAHESWARA_GSBC2020;20:52:43;1.72;29.4;70.3;99787.8;0;0.1;-7.771.188;110.373.352
MAHESWARA_GSBC2020;20:52:44;1.67;29.4;70.7;99786.6;180;0.1;-7.771.188;110.373.352
MAHESWARA_GSBC2020;20:52:45;1.69;29.4;70.6;99788.2;180;0.1;-7.771.189;110.373.352
MAHESWARA_GSBC2020;20:52:46;1.65;29.4;70.1;99788.7;0;0.0;-7.771.189;110.373.352
MAHESWARA_GSBC2020;20:52:47;1.67;29.4;70.7;99787.8;97;0.8;-7.771.190;110.373.360
MAHESWARA_GSBC2020;20:52:48;1.72;29.4;70.9;99787.3;180;0.1;-7.771.190;110.373.360
MAHESWARA_GSBC2020;20:52:49;1.70;29.4;70.1;99786.6;180;0.1;-7.771.191;110.373.360
MAHESWARA_GSBC2020;20:52:50;1.74;29.4;70.3;99788.2;94;0.8;-7.771.191;110.373.367
MAHESWARA_GSBC2020;20:52:51;1.75;29.4;69.9;99790.2;180;0.1;-7.771.192;110.373.367
MAHESWARA_GSBC2020;20:52:52;1.69;29.4;70.2;99787.4;180;0.1;-7.771.192;110.373.367
MAHESWARA_GSBC2020;20:52:53;1.72;29.4;70.1;99787.4;180;0.1;-7.771.193;110.373.367
MAHESWARA_GSBC2020;20:52:54;1.69;29.4;70.3;99787.9;0;0.0;-7.771.193;110.373.367
MAHESWARA_GSBC2020;20:52:55;1.71;29.4;70.0;99788.6;0;0.0;-7.771.193;110.373.367
MAHESWARA_GSBC2020;20:52:56;1.68;29.4;69.9;99787.7;90;0.8;-7.771.193;110.373.375
MAHESWARA_GSBC2020;20:52:57;1.68;29.4;70.1;99787.3;0;0.0;-7.771.193;110.373.375
MAHESWARA_GSBC2020;20:52:58;1.64;29.4;70.2;99788.0;0;0.0;-7.771.193;110.373.375
MAHESWARA_GSBC2020;20:52:59;1.62;29.4;69.9;99787.1;180;0.1;-7.771.193;110.373.375
MAHESWARA_GSBC2020;20:53:00;1.68;29.4;70.1;99788.0;180;0.1;-7.771.194;110.373.375
MAHESWARA_GSBC2020;20:53:01;1.65;29.4;70.1;99788.7;0;0.1;-7.771.193;110.373.375
MAHESWARA_GSBC2020;20:53:02;1.58;29.4;70.2;99788.9;180;0.1;-7.771.193;110.373.375
MAHESWARA_GSBC2020;20:53:03;1.68;29.4;70.3;99787.7;180;0.1;-7.771.194;110.373.375
MAHESWARA_GSBC2020;20:53:04;1.66;29.4;70.3;99788.0;0;0.1;-7.771.193;110.373.375
MAHESWARA_GSBC2020;20:53:05;1.67;29.4;70.4;99787.3;180;0.1;-7.771.194;110.373.375
MAHESWARA_GSBC2020;20:53:06;1.66;29.4;70.4;99787.0;180;0.1;-7.771.194;110.373.375
MAHESWARA_GSBC2020;20:53:07;1.60;29.4;70.5;99788.2;0;0.0;-7.771.194;110.373.375
MAHESWARA_GSBC2020;20:53:08;1.64;29.4;70.5;99788.4;180;0.1;-7.771.195;110.373.375
MAHESWARA_GSBC2020;20:53:09;1.62;29.4;70.1;99787.3;180;0.1;-7.771.195;110.373.375
MAHESWARA_GSBC2020;20:53:10;1.69;29.4;70.2;99787.5;180;0.1;-7.771.196;110.373.375
MAHESWARA_GSBC2020;20:53:11;1.56;29.4;70.1;99791.0;90;0.8;-7.771.196;110.373.383
MAHESWARA_GSBC2020;20:53:12;1.70;29.4;70.4;99787.9;180;0.1;-7.771.197;110.373.383
MAHESWARA_GSBC2020;20:53:13;1.63;29.4;70.2;99787.7;180;0.1;-7.771.198;110.373.383
MAHESWARA_GSBC2020;20:53:14;1.72;29.4;70.7;99787.0;180;0.1;-7.771.198;110.373.383
MAHESWARA_GSBC2020;20:53:15;1.62;29.4;70.4;99790.2;180;0.1;-7.771.199;110.373.383
MAHESWARA_GSBC2020;20:53:16;1.64;29.4;70.0;99786.5;180;0.1;-7.771.199;110.373.383
MAHESWARA_GSBC2020;20:53:17;1.70;29.4;69.9;99787.0;0;0.0;-7.771.199;110.373.383
MAHESWARA_GSBC2020;20:53:18;1.60;29.4;69.7;99787.8;180;0.1;-7.771.200;110.373.383
MAHESWARA_GSBC2020;20:53:19;1.63;29.4;70.1;99786.9;0;0.1;-7.771.199;110.373.383
MAHESWARA_GSBC2020;20:53:20;1.64;29.4;70.5;99787.6;180;0.1;-7.771.200;110.373.383
MAHESWARA_GSBC2020;20:53:21;1.73;29.4;70.1;99785.5;180;0.1;-7.771.200;110.373.383
MAHESWARA_GSBC2020;20:53:22;1.61;29.4;70.1;99789.2;0;0.0;-7.771.200;110.373.383
MAHESWARA_GSBC2020;20:53:23;1.61;29.4;70.0;99788.4;180;0.1;-7.771.201;110.373.383
MAHESWARA_GSBC2020;20:53:24;1.64;29.4;70.0;99787.6;90;0.8;-7.771.201;110.373.390
MAHESWARA_GSBC2020;20:53:25;1.64;29.4;70.1;99788.0;0;0.1;-7.771.200;110.373.390
MAHESWARA_GSBC2020;20:53:26;1.63;29.4;70.1;99787.9;0;0.0;-7.771.200;110.373.390
MAHESWARA_GSBC2020;20:53:27;1.58;29.4;70.1;99789.3;0;0.1;-7.771.200;110.373.390
MAHESWARA_GSBC2020;20:53:28;1.58;29.4;70.1;99788.0;0;0.1;-7.771.199;110.373.390
MAHESWARA_GSBC2020;20:53:29;1.63;29.4;70.1;99787.9;180;0.1;-7.771.200;110.373.390
MAHESWARA_GSBC2020;20:53:30;1.61;29.4;70.1;99787.1;180;0.1;-7.771.200;110.373.390
MAHESWARA_GSBC2020;20:53:31;1.49;29.4;70.1;99788.6;0;0.0;-7.771.200;110.373.390
MAHESWARA_GSBC2020;20:53:32;1.62;29.4;70.1;99787.8;180;0.1;-7.771.201;110.373.390
MAHESWARA_GSBC2020;20:53:33;1.57;29.4;70.2;99789.5;0;0.1;-7.771.200;110.373.390
MAHESWARA_GSBC2020;20:53:34;1.61;29.4;70.1;99786.2;0;0.0;-7.771.200;110.373.390
MAHESWARA_GSBC2020;20:53:35;1.62;29.4;70.1;99790.4;180;0.1;-7.771.201;110.373.390
MAHESWARA_GSBC2020;20:53:36;1.59;29.4;69.8;99789.0;0;0.0;-7.771.201;110.373.390
MAHESWARA_GSBC2020;20:53:37;1.58;29.4;70.1;99790.2;180;0.1;-7.771.201;110.373.390
MAHESWARA_GSBC2020;20:53:38;1.60;29.4;70.3;99789.9;0;0.0;-7.771.201;110.373.390
MAHESWARA_GSBC2020;20:53:39;1.64;29.4;70.5;99788.1;0;0.1;-7.771.201;110.373.390
MAHESWARA_GSBC2020;20:53:40;1.64;29.4;70.3;99789.1;0;0.0;-7.771.201;110.373.390
MAHESWARA_GSBC2020;20:53:41;1.61;29.4;69.7;99789.9;0;0.0;-7.771.201;110.373.390
MAHESWARA_GSBC2020;20:53:42;1.58;29.4;70.3;99789.2;0;0.0;-7.771.201;110.373.390
MAHESWARA_GSBC2020;20:53:43;1.65;29.4;70.2;99789.2;270;0.8;-7.771.201;110.373.383
MAHESWARA_GSBC2020;20:53:44;1.67;29.4;69.5;99787.7;0;0.0;-7.771.201;110.373.383
MAHESWARA_GSBC2020;20:53:45;1.59;29.4;70.0;99786.3;0;0.0;-7.771.201;110.373.383
MAHESWARA_GSBC2020;20:53:46;1.62;29.4;70.1;99789.6;0;0.0;-7.771.201;110.373.383
MAHESWARA_GSBC2020;20:53:47;1.55;29.4;70.2;99788.3;0;0.0;-7.771.201;110.373.383
MAHESWARA_GSBC2020;20:53:48;1.63;29.4;70.2;99788.2;180;0.1;-7.771.201;110.373.383
MAHESWARA_GSBC2020;20:53:49;1.56;29.4;70.0;99790.9;0;0.0;-7.771.201;110.373.383
MAHESWARA_GSBC2020;20:53:50;1.66;29.4;70.0;99789.1;0;0.0;-7.771.201;110.373.383
MAHESWARA_GSBC2020;20:53:51;1.73;29.4;69.8;99787.5;180;0.1;-7.771.202;110.373.383
MAHESWARA_GSBC2020;20:53:52;1.68;29.3;69.9;99786.8;180;0.1;-7.771.202;110.373.383
MAHESWARA_GSBC2020;20:53:53;1.60;29.3;70.0;99787.5;270;0.8;-7.771.202;110.373.375
MAHESWARA_GSBC2020;20:53:54;1.60;29.4;70.1;99788.2;0;0.0;-7.771.202;110.373.375
MAHESWARA_GSBC2020;20:53:55;1.65;29.4;70.2;99789.6;90;0.8;-7.771.202;110.373.383
MAHESWARA_GSBC2020;20:53:56;1.69;29.3;70.2;99786.6;0;0.0;-7.771.202;110.373.383
MAHESWARA_GSBC2020;20:53:57;1.60;29.3;70.2;99787.5;0;0.0;-7.771.202;110.373.383
MAHESWARA_GSBC2020;20:53:58;1.65;29.3;70.5;99789.3;180;0.1;-7.771.203;110.373.383
MAHESWARA_GSBC2020;20:53:59;1.66;29.3;70.2;99789.1;266;0.8;-7.771.203;110.373.375
MAHESWARA_GSBC2020;20:54:00;1.63;29.3;70.2;99788.5;0;0.0;-7.771.203;110.373.375
MAHESWARA_GSBC2020;20:54:01;1.59;29.3;70.5;99788.0;0;0.0;-7.771.203;110.373.375
MAHESWARA_GSBC2020;20:54:02;1.62;29.3;70.4;99788.0;0;0.0;-7.771.203;110.373.375
MAHESWARA_GSBC2020;20:54:03;1.61;29.3;70.2;99788.8;0;0.0;-7.771.203;110.373.375
MAHESWARA_GSBC2020;20:54:04;1.57;29.3;70.2;99788.6;180;0.1;-7.771.204;110.373.375
MAHESWARA_GSBC2020;20:54:05;1.58;29.3;70.2;99789.0;180;0.1;-7.771.204;110.373.375
MAHESWARA_GSBC2020;20:54:06;1.51;29.3;70.3;99790.8;0;0.0;-7.771.204;110.373.375
MAHESWARA_GSBC2020;20:54:07;1.63;29.3;70.0;99788.5;180;0.1;-7.771.204;110.373.375
MAHESWARA_GSBC2020;20:54:08;1.53;29.3;70.0;99788.8;180;0.1;-7.771.205;110.373.375
MAHESWARA_GSBC2020;20:54:09;1.58;29.3;69.7;99788.5;0;0.0;-7.771.205;110.373.375
MAHESWARA_GSBC2020;20:54:10;1.59;29.3;70.1;99788.9;180;0.1;-7.771.206;110.373.375
MAHESWARA_GSBC2020;20:54:11;1.63;29.3;70.1;99789.8;0;0.0;-7.771.206;110.373.375
MAHESWARA_GSBC2020;20:54:12;1.58;29.3;69.9;99789.4;180;0.1;-7.771.206;110.373.375
MAHESWARA_GSBC2020;20:54:13;1.66;29.3;69.5;99787.7;180;0.1;-7.771.207;110.373.375
MAHESWARA_GSBC2020;20:54:14;1.63;29.3;69.5;99788.0;180;0.1;-7.771.207;110.373.375
MAHESWARA_GSBC2020;20:54:15;1.60;29.3;70.0;99785.7;180;0.1;-7.771.208;110.373.375
MAHESWARA_GSBC2020;20:54:16;1.66;29.3;69.9;99788.2;180;0.1;-7.771.208;110.373.375
MAHESWARA_GSBC2020;20:54:17;1.59;29.3;70.6;99787.5;180;0.1;-7.771.209;110.373.375
MAHESWARA_GSBC2020;20:54:18;1.64;29.3;70.4;99787.9;0;0.0;-7.771.209;110.373.375
MAHESWARA_GSBC2020;20:54:19;1.53;29.3;70.8;99789.3;0;0.0;-7.771.209;110.373.375
MAHESWARA_GSBC2020;20:54:20;1.63;29.3;70.8;99787.9;0;0.0;-7.771.209;110.373.375
MAHESWARA_GSBC2020;20:54:21;1.67;29.3;70.4;99788.7;180;0.1;-7.771.210;110.373.375
MAHESWARA_GSBC2020;20:54:22;1.59;29.3;70.4;99788.6;0;0.0;-7.771.210;110.373.375
MAHESWARA_GSBC2020;20:54:23;1.56;29.3;70.2;99790.2;180;0.1;-7.771.211;110.373.375
MAHESWARA_GSBC2020;20:54:24;1.57;29.3;70.3;99791.4;180;0.1;-7.771.211;110.373.375
MAHESWARA_GSBC2020;20:54:25;1.59;29.3;70.3;99788.8;180;0.1;-7.771.212;110.373.375
MAHESWARA_GSBC2020;20:54:26;1.58;29.3;70.3;99787.5;180;0.1;-7.771.213;110.373.375
MAHESWARA_GSBC2020;20:54:27;1.52;29.3;70.3;99788.7;180;0.1;-7.771.213;110.373.375
MAHESWARA_GSBC2020;20:54:28;1.55;29.3;70.3;99787.6;180;0.1;-7.771.214;110.373.375
MAHESWARA_GSBC2020;20:54:29;1.53;29.3;70.1;99790.5;180;0.1;-7.771.214;110.373.375
MAHESWARA_GSBC2020;20:54:30;1.52;29.3;70.1;99789.3;266;0.8;-7.771.214;110.373.367
MAHESWARA_GSBC2020;20:54:31;1.61;29.3;70.3;99789.3;180;0.1;-7.771.215;110.373.367
MAHESWARA_GSBC2020;20:54:32;1.49;29.3;70.0;99789.4;180;0.1;-7.771.216;110.373.367
MAHESWARA_GSBC2020;20:54:33;1.54;29.3;70.1;99790.1;180;0.1;-7.771.216;110.373.367
MAHESWARA_GSBC2020;20:54:34;1.59;29.3;70.3;99789.0;0;0.0;-7.771.216;110.373.367
MAHESWARA_GSBC2020;20:54:35;1.54;29.3;70.7;99789.6;266;0.8;-7.771.217;110.373.360
MAHESWARA_GSBC2020;20:54:36;1.53;29.3;70.0;99791.0;180;0.1;-7.771.217;110.373.360
MAHESWARA_GSBC2020;20:54:37;1.52;29.3;70.0;99790.0;0;0.0;-7.771.217;110.373.360
MAHESWARA_GSBC2020;20:54:38;1.52;29.3;70.1;99789.3;180;0.1;-7.771.218;110.373.360
MAHESWARA_GSBC2020;20:54:39;1.58;29.3;70.3;99789.4;0;0.1;-7.771.217;110.373.360
MAHESWARA_GSBC2020;20:54:40;1.50;29.3;69.6;99790.7;0;0.0;-7.771.217;110.373.360
MAHESWARA_GSBC2020;20:54:41;1.46;29.3;70.7;99791.3;0;0.1;-7.771.217;110.373.360
MAHESWARA_GSBC2020;20:54:42;1.52;29.3;70.3;99787.9;0;0.1;-7.771.216;110.373.360
MAHESWARA_GSBC2020;20:54:43;1.55;29.3;70.1;99790.0;0;0.0;-7.771.216;110.373.360
MAHESWARA_GSBC2020;20:54:44;1.57;29.3;70.4;99790.9;0;0.0;-7.771.216;110.373.360
MAHESWARA_GSBC2020;20:54:45;1.51;29.3;70.3;99789.9;0;0.0;-7.771.216;110.373.360
MAHESWARA_GSBC2020;20:54:46;1.53;29.3;70.4;99789.8;0;0.0;-7.771.216;110.373.360
MAHESWARA_GSBC2020;20:54:47;1.49;29.3;70.5;99787.9;0;0.0;-7.771.216;110.373.360
MAHESWARA_GSBC2020;20:54:48;1.45;29.3;70.6;99790.2;0;0.1;-7.771.216;110.373.360
MAHESWARA_GSBC2020;20:54:50;1.49;29.3;70.7;99791.1;0;0.1;-7.771.215;110.373.360
MAHESWARA_GSBC2020;20:54:51;1.49;29.3;70.6;99789.0;180;0.1;-7.771.216;110.373.360
MAHESWARA_GSBC2020;20:54:52;1.43;29.3;70.8;99791.6;0;0.1;-7.771.215;110.373.360
MAHESWARA_GSBC2020;20:54:53;1.54;29.3;70.6;99789.9;90;0.8;-7.771.215;110.373.367
MAHESWARA_GSBC2020;20:54:54;1.46;29.3;70.8;99790.4;0;0.0;-7.771.215;110.373.367
MAHESWARA_GSBC2020;20:54:55;1.41;29.3;71.0;99791.6;0;0.1;-7.771.215;110.373.367
MAHESWARA_GSBC2020;20:54:56;1.46;29.3;70.7;99792.1;0;0.1;-7.771.214;110.373.367
MAHESWARA_GSBC2020;20:54:57;1.35;29.3;70.8;99791.6;0;0.1;-7.771.214;110.373.367
MAHESWARA_GSBC2020;20:54:58;1.43;29.3;70.6;99791.2;0;0.0;-7.771.214;110.373.367
MAHESWARA_GSBC2020;20:54:59;1.39;29.3;71.2;99791.2;86;0.8;-7.771.214;110.373.375
MAHESWARA_GSBC2020;20:55:00;1.44;29.3;70.6;99790.9;266;0.8;-7.771.214;110.373.367
MAHESWARA_GSBC2020;20:55:01;1.41;29.3;70.1;99789.7;86;0.8;-7.771.214;110.373.375
MAHESWARA_GSBC2020;20:55:02;1.38;29.3;69.9;99790.2;0;0.0;-7.771.214;110.373.375
MAHESWARA_GSBC2020;20:55:03;1.50;29.3;70.2;99787.8;0;0.0;-7.771.214;110.373.375
MAHESWARA_GSBC2020;20:55:04;1.38;29.3;71.2;99792.9;0;0.0;-7.771.214;110.373.375
MAHESWARA_GSBC2020;20:55:05;1.38;29.3;71.1;99792.0;0;0.0;-7.771.214;110.373.375
MAHESWARA_GSBC2020;20:55:06;1.41;29.3;70.8;99790.3;0;0.1;-7.771.213;110.373.375
MAHESWARA_GSBC2020;20:55:07;1.40;29.3;70.7;99791.1;0;0.0;-7.771.213;110.373.375
MAHESWARA_GSBC2020;20:55:08;1.41;29.3;70.6;99792.1;0;0.1;-7.771.212;110.373.375
MAHESWARA_GSBC2020;20:55:09;1.38;29.3;70.7;99790.6;0;0.0;-7.771.212;110.373.375
MAHESWARA_GSBC2020;20:55:10;1.30;29.3;70.8;99793.2;90;0.8;-7.771.212;110.373.383
MAHESWARA_GSBC2020;20:55:11;1.31;29.3;70.8;99793.0;0;0.0;-7.771.212;110.373.383
MAHESWARA_GSBC2020;20:55:12;1.34;29.3;70.6;99792.7;0;0.1;-7.771.211;110.373.383
MAHESWARA_GSBC2020;20:55:13;1.36;29.3;70.7;99791.6;0;0.1;-7.771.211;110.373.383
MAHESWARA_GSBC2020;20:55:14;1.39;29.3;70.7;99793.5;0;0.0;-7.771.211;110.373.383
MAHESWARA_GSBC2020;20:55:15;1.42;29.3;70.7;99790.6;0;0.1;-7.771.210;110.373.383
MAHESWARA_GSBC2020;20:55:16;1.45;29.3;70.5;99790.2;0;0.1;-7.771.210;110.373.383
MAHESWARA_GSBC2020;20:55:17;1.41;29.3;70.6;99792.2;0;0.0;-7.771.210;110.373.383
MAHESWARA_GSBC2020;20:55:18;1.37;29.3;70.5;99791.9;0;0.0;-7.771.210;110.373.383
MAHESWARA_GSBC2020;20:55:19;1.37;29.3;70.5;99793.0;180;0.1;-7.771.210;110.373.383
MAHESWARA_GSBC2020;20:55:20;1.36;29.3;70.5;99790.6;94;0.8;-7.771.211;110.373.390
MAHESWARA_GSBC2020;20:55:21;1.32;29.3;70.5;99792.1;0;0.0;-7.771.211;110.373.390
MAHESWARA_GSBC2020;20:55:22;1.44;29.3;70.6;99789.9;0;0.0;-7.771.211;110.373.390
MAHESWARA_GSBC2020;20:55:23;1.35;29.3;70.4;99791.1;0;0.0;-7.771.211;110.373.390
MAHESWARA_GSBC2020;20:55:24;1.35;29.3;70.6;99791.2;0;0.0;-7.771.211;110.373.390
MAHESWARA_GSBC2020;20:55:25;1.37;29.3;70.5;99790.4;0;0.0;-7.771.211;110.373.390
MAHESWARA_GSBC2020;20:55:26;1.33;29.3;70.7;99792.2;0;0.1;-7.771.210;110.373.390
MAHESWARA_GSBC2020;20:55:27;1.38;29.3;71.0;99791.2;0;0.0;-7.771.210;110.373.390
MAHESWARA_GSBC2020;20:55:28;1.35;29.3;70.7;99792.0;0;0.1;-7.771.210;110.373.390
MAHESWARA_GSBC2020;20:55:29;1.40;29.3;70.8;99790.6;270;0.8;-7.771.210;110.373.383
MAHESWARA_GSBC2020;20:55:30;1.33;29.4;70.1;99793.8;0;0.1;-7.771.209;110.373.383
MAHESWARA_GSBC2020;20:55:31;1.34;29.3;70.2;99791.4;0;0.0;-7.771.209;110.373.383
MAHESWARA_GSBC2020;20:55:32;1.36;29.3;70.5;99790.0;0;0.0;-7.771.209;110.373.383
MAHESWARA_GSBC2020;20:55:33;1.31;29.4;70.0;99791.6;0;0.0;-7.771.209;110.373.383
MAHESWARA_GSBC2020;20:55:34;1.32;29.4;70.5;99790.2;180;0.1;-7.771.210;110.373.383
MAHESWARA_GSBC2020;20:55:35;1.29;29.4;70.6;99793.0;180;0.1;-7.771.211;110.373.383
MAHESWARA_GSBC2020;20:55:36;1.38;29.4;71.0;99790.3;0;0.0;-7.771.211;110.373.383
MAHESWARA_GSBC2020;20:55:37;1.34;29.4;71.0;99791.7;0;0.0;-7.771.211;110.373.383
MAHESWARA_GSBC2020;20:55:38;1.29;29.4;70.5;99792.4;0;0.0;-7.771.211;110.373.383
MAHESWARA_GSBC2020;20:55:39;1.29;29.4;70.5;99792.0;180;0.1;-7.771.211;110.373.383
MAHESWARA_GSBC2020;20:55:40;1.26;29.4;70.6;99792.8;0;0.0;-7.771.211;110.373.383
MAHESWARA_GSBC2020;20:55:41;1.34;29.4;70.6;99791.5;0;0.0;-7.771.211;110.373.383
MAHESWARA_GSBC2020;20:55:42;1.40;29.4;70.6;99791.1;274;0.8;-7.771.211;110.373.375
MAHESWARA_GSBC2020;20:55:43;1.23;29.4;70.2;99793.0;0;0.0;-7.771.211;110.373.375
MAHESWARA_GSBC2020;20:55:44;1.32;29.4;70.6;99793.3;90;0.8;-7.771.211;110.373.383
MAHESWARA_GSBC2020;20:55:45;1.24;29.4;70.6;99793.7;270;0.8;-7.771.211;110.373.375
MAHESWARA_GSBC2020;20:55:46;1.24;29.4;70.5;99793.7;0;0.0;-7.771.211;110.373.375
MAHESWARA_GSBC2020;20:55:47;1.22;29.4;70.8;99792.6;0;0.0;-7.771.211;110.373.375
MAHESWARA_GSBC2020;20:55:48;1.33;29.4;70.6;99792.3;0;0.0;-7.771.211;110.373.375
MAHESWARA_GSBC2020;20:55:49;1.24;29.4;70.6;99793.0;0;0.0;-7.771.211;110.373.375
MAHESWARA_GSBC2020;20:55:50;1.21;29.4;70.5;99792.5;0;0.1;-7.771.210;110.373.375
MAHESWARA_GSBC2020;20:55:51;1.19;29.4;71.2;99793.4;180;0.1;-7.771.211;110.373.375
MAHESWARA_GSBC2020;20:55:52;1.25;29.4;70.7;99791.9;0;0.1;-7.771.210;110.373.375
MAHESWARA_GSBC2020;20:55:53;1.27;29.4;70.7;99792.9;270;0.8;-7.771.210;110.373.367
MAHESWARA_GSBC2020;20:55:54;1.23;29.4;70.8;99792.0;0;0.1;-7.771.210;110.373.367
MAHESWARA_GSBC2020;20:55:55;1.22;29.4;70.5;99792.8;0;0.0;-7.771.210;110.373.367
MAHESWARA_GSBC2020;20:55:56;1.26;29.4;70.2;99793.5;0;0.0;-7.771.210;110.373.367
MAHESWARA_GSBC2020;20:55:57;1.25;29.4;70.8;99792.7;0;0.0;-7.771.210;110.373.367
MAHESWARA_GSBC2020;20:55:58;1.22;29.4;70.6;99793.3;180;0.1;-7.771.210;110.373.367
MAHESWARA_GSBC2020;20:55:59;1.28;29.4;70.6;99791.1;180;0.1;-7.771.211;110.373.367
MAHESWARA_GSBC2020;20:56:00;1.26;29.4;71.0;99792.4;180;0.1;-7.771.211;110.373.367
MAHESWARA_GSBC2020;20:56:01;1.21;29.4;70.6;99792.9;0;0.1;-7.771.211;110.373.367
MAHESWARA_GSBC2020;20:56:02;1.27;29.4;70.6;99792.9;0;0.0;-7.771.211;110.373.367
MAHESWARA_GSBC2020;20:56:03;1.26;29.4;70.6;99791.6;0;0.1;-7.771.210;110.373.367
MAHESWARA_GSBC2020;20:56:04;1.22;29.4;70.6;99792.2;180;0.1;-7.771.211;110.373.367
MAHESWARA_GSBC2020;20:56:05;1.20;29.4;70.6;99793.4;0;0.0;-7.771.211;110.373.367
MAHESWARA_GSBC2020;20:56:06;1.22;29.4;70.6;99793.9;0;0.0;-7.771.211;110.373.367
MAHESWARA_GSBC2020;20:56:07;1.21;29.4;70.3;99793.3;180;0.1;-7.771.212;110.373.367
MAHESWARA_GSBC2020;20:56:08;1.24;29.4;70.6;99793.8;0;0.1;-7.771.212;110.373.367
MAHESWARA_GSBC2020;20:56:09;1.20;29.4;70.6;99794.1;0;0.0;-7.771.212;110.373.367
MAHESWARA_GSBC2020;20:56:10;1.17;29.4;70.9;99794.3;0;0.0;-7.771.212;110.373.367
MAHESWARA_GSBC2020;20:56:11;1.20;29.4;70.4;99792.9;180;0.1;-7.771.212;110.373.367
MAHESWARA_GSBC2020;20:56:12;1.24;29.4;70.7;99794.6;180;0.1;-7.771.213;110.373.367
MAHESWARA_GSBC2020;20:56:13;1.20;29.4;70.4;99793.4;180;0.1;-7.771.213;110.373.367
MAHESWARA_GSBC2020;20:56:14;1.21;29.4;70.5;99792.2;266;0.8;-7.771.214;110.373.360
MAHESWARA_GSBC2020;20:56:15;1.16;29.4;70.7;99792.8;180;0.1;-7.771.214;110.373.360
MAHESWARA_GSBC2020;20:56:16;1.14;29.4;70.8;99792.3;180;0.1;-7.771.214;110.373.360
MAHESWARA_GSBC2020;20:56:17;1.12;29.4;70.7;99794.0;0;0.0;-7.771.214;110.373.360
MAHESWARA_GSBC2020;20:56:18;1.13;29.4;71.8;99794.3;180;0.1;-7.771.215;110.373.360
MAHESWARA_GSBC2020;20:56:19;1.12;29.4;71.2;99793.3;0;0.0;-7.771.215;110.373.360
MAHESWARA_GSBC2020;20:56:20;1.15;29.4;71.2;99795.0;94;0.8;-7.771.215;110.373.367
MAHESWARA_GSBC2020;20:56:21;1.09;29.4;70.7;99795.1;0;0.0;-7.771.215;110.373.367
MAHESWARA_GSBC2020;20:56:22;1.13;29.4;71.2;99794.5;0;0.0;-7.771.215;110.373.367
MAHESWARA_GSBC2020;20:56:23;1.04;29.4;71.3;99796.5;180;0.1;-7.771.216;110.373.367
MAHESWARA_GSBC2020;20:56:24;1.05;29.4;71.4;99796.8;270;0.8;-7.771.216;110.373.360
MAHESWARA_GSBC2020;20:56:25;1.06;29.4;71.2;99793.7;90;0.8;-7.771.216;110.373.367
MAHESWARA_GSBC2020;20:56:26;1.03;29.4;71.2;99795.9;0;0.0;-7.771.216;110.373.367
MAHESWARA_GSBC2020;20:56:27;1.00;29.4;71.1;99796.7;0;0.0;-7.771.216;110.373.367
MAHESWARA_GSBC2020;20:56:28;1.09;29.4;71.0;99793.7;0;0.0;-7.771.216;110.373.367
MAHESWARA_GSBC2020;20:56:29;1.01;29.4;71.0;99795.5;270;0.8;-7.771.216;110.373.360
MAHESWARA_GSBC2020;20:56:30;1.03;29.4;71.0;99796.3;0;0.1;-7.771.215;110.373.360
MAHESWARA_GSBC2020;20:56:31;1.03;29.4;71.0;99794.9;0;0.1;-7.771.215;110.373.360
MAHESWARA_GSBC2020;20:56:32;1.01;29.4;70.9;99796.2;0;0.1;-7.771.214;110.373.360
MAHESWARA_GSBC2020;20:56:33;0.98;29.4;70.9;99796.3;86;0.8;-7.771.214;110.373.367
MAHESWARA_GSBC2020;20:56:34;0.99;29.4;70.6;99795.6;266;0.8;-7.771.214;110.373.360
MAHESWARA_GSBC2020;20:56:35;1.00;29.4;71.0;99795.4;180;0.1;-7.771.215;110.373.360
MAHESWARA_GSBC2020;20:56:36;1.03;29.4;70.5;99794.0;0;0.1;-7.771.214;110.373.360
MAHESWARA_GSBC2020;20:56:37;1.04;29.4;70.7;99795.1;0;0.0;-7.771.214;110.373.360
MAHESWARA_GSBC2020;20:56:38;0.99;29.4;70.6;99799.8;0;0.0;-7.771.214;110.373.360
MAHESWARA_GSBC2020;20:56:39;0.95;29.4;70.4;99797.7;180;0.1;-7.771.214;110.373.360
MAHESWARA_GSBC2020;20:56:40;0.92;29.4;70.8;99796.0;180;0.1;-7.771.215;110.373.360
MAHESWARA_GSBC2020;20:56:41;0.97;29.4;70.5;99795.7;0;0.0;-7.771.215;110.373.360
MAHESWARA_GSBC2020;20:56:42;0.98;29.4;70.5;99794.0;0;0.0;-7.771.215;110.373.360
MAHESWARA_GSBC2020;20:56:43;1.02;29.4;70.5;99794.5;180;0.1;-7.771.215;110.373.360
MAHESWARA_GSBC2020;20:56:44;1.00;29.4;70.4;99795.8;0;0.0;-7.771.215;110.373.360
MAHESWARA_GSBC2020;20:56:45;0.96;29.4;70.6;99796.3;0;0.0;-7.771.215;110.373.360
MAHESWARA_GSBC2020;20:56:46;0.92;29.4;70.5;99797.6;0;0.0;-7.771.215;110.373.360
MAHESWARA_GSBC2020;20:56:47;0.95;29.4;70.5;99796.7;0;0.0;-7.771.215;110.373.360
MAHESWARA_GSBC2020;20:56:48;1.02;29.4;70.5;99797.4;0;0.0;-7.771.215;110.373.360
MAHESWARA_GSBC2020;20:56:49;0.96;29.4;70.5;99796.0;0;0.0;-7.771.215;110.373.360
MAHESWARA_GSBC2020;20:56:50;1.02;29.4;70.6;99795.0;0;0.0;-7.771.215;110.373.360
MAHESWARA_GSBC2020;20:56:51;0.99;29.4;70.7;99796.2;0;0.0;-7.771.215;110.373.360
MAHESWARA_GSBC2020;20:56:52;0.94;29.4;70.6;99793.6;180;0.1;-7.771.216;110.373.360
MAHESWARA_GSBC2020;20:56:53;0.98;29.4;70.5;99796.0;0;0.1;-7.771.215;110.373.360
MAHESWARA_GSBC2020;20:56:54;0.94;29.4;70.7;99797.1;180;0.1;-7.771.216;110.373.360
MAHESWARA_GSBC2020;20:56:55;0.88;29.4;70.0;99796.6;0;0.1;-7.771.215;110.373.360
MAHESWARA_GSBC2020;20:56:56;0.96;29.4;70.4;99795.4;0;0.1;-7.771.215;110.373.360
MAHESWARA_GSBC2020;20:56:57;1.01;29.4;70.5;99793.5;0;0.1;-7.771.214;110.373.360
MAHESWARA_GSBC2020;20:56:58;0.97;29.4;70.5;99796.0;0;0.1;-7.771.214;110.373.360
MAHESWARA_GSBC2020;20:56:59;1.07;29.4;70.3;99791.7;0;0.1;-7.771.213;110.373.360
MAHESWARA_GSBC2020;20:57:00;0.93;29.4;70.5;99796.6;0;0.0;-7.771.213;110.373.360
MAHESWARA_GSBC2020;20:57:01;0.87;29.4;70.2;99796.2;0;0.0;-7.771.213;110.373.360
MAHESWARA_GSBC2020;20:57:02;0.89;29.4;69.9;99797.4;0;0.1;-7.771.212;110.373.360
MAHESWARA_GSBC2020;20:57:03;0.89;29.4;70.1;99798.0;0;0.1;-7.771.211;110.373.360
MAHESWARA_GSBC2020;20:57:04;0.90;29.4;70.1;99795.4;0;0.1;-7.771.210;110.373.360
MAHESWARA_GSBC2020;20:57:05;0.87;29.4;69.9;99796.2;0;0.0;-7.771.210;110.373.360
MAHESWARA_GSBC2020;20:57:06;0.91;29.4;70.4;99798.2;0;0.1;-7.771.209;110.373.360
MAHESWARA_GSBC2020;20:57:07;0.93;29.4;70.4;99797.2;0;0.1;-7.771.209;110.373.360
MAHESWARA_GSBC2020;20:57:08;0.96;29.4;70.5;99795.8;0;0.1;-7.771.208;110.373.360
MAHESWARA_GSBC2020;20:57:09;0.92;29.4;70.5;99798.7;0;0.1;-7.771.208;110.373.360
MAHESWARA_GSBC2020;20:57:10;0.85;29.4;70.5;99798.5;0;0.0;-7.771.208;110.373.360
MAHESWARA_GSBC2020;20:57:11;0.91;29.4;70.6;99796.2;0;0.0;-7.771.208;110.373.360
MAHESWARA_GSBC2020;20:57:12;0.97;29.4;70.8;99795.5;0;0.0;-7.771.208;110.373.360
MAHESWARA_GSBC2020;20:57:13;0.92;29.4;70.8;99796.3;0;0.1;-7.771.207;110.373.360
MAHESWARA_GSBC2020;20:57:14;0.87;29.4;70.6;99798.3;0;0.0;-7.771.207;110.373.360
MAHESWARA_GSBC2020;20:57:15;0.89;29.4;70.9;99797.4;0;0.1;-7.771.207;110.373.360
MAHESWARA_GSBC2020;20:57:16;0.90;29.4;70.9;99796.7;180;0.1;-7.771.207;110.373.360
MAHESWARA_GSBC2020;20:57:17;0.89;29.4;70.6;99798.1;0;0.0;-7.771.207;110.373.360
MAHESWARA_GSBC2020;20:57:18;0.91;29.4;70.6;99796.4;180;0.1;-7.771.208;110.373.360
MAHESWARA_GSBC2020;20:57:19;0.87;29.4;70.1;99797.6;0;0.0;-7.771.208;110.373.360
MAHESWARA_GSBC2020;20:57:20;0.89;29.4;70.6;99796.6;0;0.0;-7.771.208;110.373.360
MAHESWARA_GSBC2020;20:57:21;0.90;29.4;70.3;99797.6;0;0.0;-7.771.208;110.373.360
MAHESWARA_GSBC2020;20:57:22;0.98;29.4;70.2;99796.6;0;0.0;-7.771.208;110.373.360
MAHESWARA_GSBC2020;20:57:23;0.98;29.4;70.2;99795.5;0;0.0;-7.771.208;110.373.360
MAHESWARA_GSBC2020;20:57:24;0.94;29.5;70.8;99797.2;180;0.1;-7.771.208;110.373.360
MAHESWARA_GSBC2020;20:57:25;0.96;29.4;70.2;99795.3;180;0.1;-7.771.209;110.373.360
MAHESWARA_GSBC2020;20:57:26;0.92;29.5;70.4;99797.0;180;0.1;-7.771.210;110.373.360
MAHESWARA_GSBC2020;20:57:27;0.94;29.4;70.3;99796.7;0;0.0;-7.771.210;110.373.360
MAHESWARA_GSBC2020;20:57:28;0.91;29.4;70.0;99798.1;270;0.8;-7.771.210;110.373.352
MAHESWARA_GSBC2020;20:57:29;0.91;29.4;70.3;99796.4;180;0.1;-7.771.210;110.373.352
MAHESWARA_GSBC2020;20:57:30;0.89;29.5;70.4;99798.4;180;0.1;-7.771.211;110.373.352
MAHESWARA_GSBC2020;20:57:31;0.81;29.4;70.3;99798.2;0;0.1;-7.771.210;110.373.352
MAHESWARA_GSBC2020;20:57:32;0.93;29.4;70.3;99796.3;180;0.1;-7.771.211;110.373.352
MAHESWARA_GSBC2020;20:57:33;0.96;29.4;70.3;99795.9;180;0.2;-7.771.213;110.373.352
MAHESWARA_GSBC2020;20:57:34;0.90;29.5;70.2;99799.6;0;0.1;-7.771.212;110.373.352
MAHESWARA_GSBC2020;20:57:35;0.86;29.4;70.3;99798.1;180;0.1;-7.771.213;110.373.352
MAHESWARA_GSBC2020;20:57:36;0.94;29.4;70.2;99795.5;0;0.0;-7.771.213;110.373.352
MAHESWARA_GSBC2020;20:57:37;0.89;29.4;70.3;99797.5;0;0.0;-7.771.213;110.373.352
MAHESWARA_GSBC2020;20:57:38;0.91;29.5;70.6;99798.0;180;0.1;-7.771.213;110.373.352
MAHESWARA_GSBC2020;20:57:39;0.90;29.4;69.7;99795.9;180;0.1;-7.771.214;110.373.352
MAHESWARA_GSBC2020;20:57:40;0.93;29.4;70.0;99796.8;0;0.1;-7.771.213;110.373.352
MAHESWARA_GSBC2020;20:57:41;0.96;29.4;70.3;99795.7;180;0.1;-7.771.214;110.373.352
MAHESWARA_GSBC2020;20:57:42;0.85;29.4;70.7;99798.6;0;0.0;-7.771.214;110.373.352
MAHESWARA_GSBC2020;20:57:43;0.81;29.5;70.2;99799.2;0;0.0;-7.771.214;110.373.352
MAHESWARA_GSBC2020;20:57:44;0.83;29.5;70.5;99799.5;0;0.1;-7.771.213;110.373.352
MAHESWARA_GSBC2020;20:57:45;0.87;29.4;70.3;99797.2;0;0.0;-7.771.213;110.373.352
MAHESWARA_GSBC2020;20:57:46;0.90;29.4;71.1;99795.2;180;0.1;-7.771.214;110.373.352
MAHESWARA_GSBC2020;20:57:47;0.88;29.5;70.8;99798.5;97;0.8;-7.771.214;110.373.360
MAHESWARA_GSBC2020;20:57:48;0.87;29.4;70.4;99796.8;0;0.0;-7.771.214;110.373.360
MAHESWARA_GSBC2020;20:57:49;0.88;29.4;70.9;99795.8;180;0.1;-7.771.215;110.373.360
MAHESWARA_GSBC2020;20:57:50;0.92;29.5;70.8;99797.7;0;0.1;-7.771.214;110.373.360
MAHESWARA_GSBC2020;20:57:51;0.87;29.5;70.8;99796.5;180;0.1;-7.771.215;110.373.360
MAHESWARA_GSBC2020;20:57:52;0.80;29.5;70.7;99799.0;0;0.0;-7.771.215;110.373.360
MAHESWARA_GSBC2020;20:57:53;0.82;29.5;70.7;99798.4;0;0.0;-7.771.215;110.373.360
MAHESWARA_GSBC2020;20:57:54;0.81;29.5;70.7;99798.8;0;0.0;-7.771.215;110.373.360
MAHESWARA_GSBC2020;20:57:55;0.75;29.5;70.6;99799.0;0;0.0;-7.771.215;110.373.360
MAHESWARA_GSBC2020;20:57:56;0.85;29.5;70.6;99797.3;0;0.1;-7.771.215;110.373.360
MAHESWARA_GSBC2020;20:57:57;0.90;29.5;70.5;99797.5;180;0.1;-7.771.215;110.373.360
MAHESWARA_GSBC2020;20:57:58;0.85;29.5;70.5;99797.5;83;0.8;-7.771.214;110.373.367
MAHESWARA_GSBC2020;20:57:59;0.90;29.5;70.4;99797.9;0;0.0;-7.771.214;110.373.367
MAHESWARA_GSBC2020;20:58:00;0.93;29.5;70.4;99796.7;180;0.1;-7.771.215;110.373.367
MAHESWARA_GSBC2020;20:58:01;0.91;29.5;70.4;99797.7;0;0.0;-7.771.215;110.373.367
MAHESWARA_GSBC2020;20:58:02;0.89;29.5;70.4;99795.7;180;0.1;-7.771.216;110.373.367
MAHESWARA_GSBC2020;20:58:03;0.86;29.5;70.4;99797.7;0;0.1;-7.771.215;110.373.367
MAHESWARA_GSBC2020;20:58:04;0.75;29.5;70.4;99797.9;0;0.1;-7.771.214;110.373.367
MAHESWARA_GSBC2020;20:58:05;0.89;29.5;70.3;99795.8;0;0.1;-7.771.214;110.373.367
MAHESWARA_GSBC2020;20:58:07;0.89;29.5;70.3;99797.0;180;0.1;-7.771.215;110.373.367
MAHESWARA_GSBC2020;20:58:08;0.79;29.5;70.1;99799.8;90;0.8;-7.771.215;110.373.375
MAHESWARA_GSBC2020;20:58:09;0.84;29.5;70.2;99796.8;180;0.1;-7.771.215;110.373.375
MAHESWARA_GSBC2020;20:58:10;0.85;29.5;70.2;99797.5;180;0.1;-7.771.216;110.373.375
MAHESWARA_GSBC2020;20:58:11;0.87;29.5;70.3;99797.7;0;0.0;-7.771.216;110.373.375
MAHESWARA_GSBC2020;20:58:12;0.77;29.5;70.4;99797.9;180;0.2;-7.771.218;110.373.375
MAHESWARA_GSBC2020;20:58:13;0.82;29.5;70.3;99797.2;0;0.0;-7.771.218;110.373.375
MAHESWARA_GSBC2020;20:58:14;0.74;29.5;70.3;99798.6;94;0.8;-7.771.219;110.373.383
MAHESWARA_GSBC2020;20:58:15;0.90;29.5;70.4;99797.4;0;0.0;-7.771.219;110.373.383
MAHESWARA_GSBC2020;20:58:16;0.83;29.5;70.7;99797.6;180;0.1;-7.771.219;110.373.383
MAHESWARA_GSBC2020;20:58:17;0.80;29.5;70.3;99799.0;0;0.0;-7.771.219;110.373.383
MAHESWARA_GSBC2020;20:58:18;0.83;29.5;69.9;99798.0;0;0.1;-7.771.218;110.373.383
MAHESWARA_GSBC2020;20:58:19;0.80;29.5;70.0;99797.7;0;0.0;-7.771.218;110.373.383
MAHESWARA_GSBC2020;20:58:20;0.83;29.5;70.5;99797.6;0;0.1;-7.771.218;110.373.383
MAHESWARA_GSBC2020;20:58:21;0.80;29.5;70.4;99797.6;0;0.1;-7.771.217;110.373.383
MAHESWARA_GSBC2020;20:58:22;0.84;29.5;70.0;99798.1;0;0.1;-7.771.217;110.373.383
MAHESWARA_GSBC2020;20:58:23;0.76;29.5;70.8;99796.5;0;0.2;-7.771.215;110.373.383
MAHESWARA_GSBC2020;20:58:24;0.77;29.5;70.6;99797.7;0;0.2;-7.771.214;110.373.383
MAHESWARA_GSBC2020;20:58:25;0.80;29.5;70.5;99801.6;0;0.1;-7.771.213;110.373.383
MAHESWARA_GSBC2020;20:58:26;0.82;29.5;69.7;99796.8;0;0.1;-7.771.212;110.373.383
MAHESWARA_GSBC2020;20:58:27;0.83;29.5;71.1;99797.1;180;0.2;-7.771.214;110.373.383
MAHESWARA_GSBC2020;20:58:28;0.83;29.5;70.4;99798.1;180;0.1;-7.771.214;110.373.383
MAHESWARA_GSBC2020;20:58:29;0.83;29.5;70.1;99796.5;180;0.1;-7.771.215;110.373.383
MAHESWARA_GSBC2020;20:58:30;0.83;29.5;70.2;99796.7;0;0.1;-7.771.214;110.373.383
MAHESWARA_GSBC2020;20:58:31;0.78;29.5;70.3;99798.5;180;0.1;-7.771.215;110.373.383
MAHESWARA_GSBC2020;20:58:32;0.80;29.5;70.3;99799.1;0;0.1;-7.771.214;110.373.383
MAHESWARA_GSBC2020;20:58:33;0.88;29.5;70.3;99796.6;0;0.2;-7.771.213;110.373.383
MAHESWARA_GSBC2020;20:58:34;0.89;29.5;70.3;99796.6;0;0.1;-7.771.213;110.373.383
MAHESWARA_GSBC2020;20:58:35;0.85;29.5;70.3;99797.2;0;0.1;-7.771.212;110.373.383
MAHESWARA_GSBC2020;20:58:36;0.82;29.5;70.2;99797.5;0;0.1;-7.771.211;110.373.383
MAHESWARA_GSBC2020;20:58:37;0.93;29.5;70.3;99796.0;0;0.0;-7.771.211;110.373.383
MAHESWARA_GSBC2020;20:58:38;0.84;29.5;70.4;99797.4;0;0.1;-7.771.210;110.373.383
MAHESWARA_GSBC2020;20:58:39;0.85;29.5;70.1;99797.6;0;0.0;-7.771.210;110.373.383
MAHESWARA_GSBC2020;20:58:40;0.85;29.5;70.7;99799.0;0;0.2;-7.771.208;110.373.383
MAHESWARA_GSBC2020;20:58:41;0.87;29.5;70.4;99797.9;0;0.1;-7.771.207;110.373.383
MAHESWARA_GSBC2020;20:58:42;0.85;29.5;70.4;99800.0;0;0.2;-7.771.206;110.373.383
MAHESWARA_GSBC2020;20:58:43;0.89;29.5;70.5;99796.4;0;0.1;-7.771.205;110.373.383
MAHESWARA_GSBC2020;20:58:44;0.82;29.5;70.5;99797.4;0;0.1;-7.771.204;110.373.383
MAHESWARA_GSBC2020;20:58:45;0.78;29.5;70.1;99798.1;0;0.1;-7.771.204;110.373.383
MAHESWARA_GSBC2020;20:58:46;0.85;29.5;70.3;99797.5;180;0.1;-7.771.204;110.373.383
MAHESWARA_GSBC2020;20:58:47;0.82;29.5;70.4;99797.0;259;0.9;-7.771.205;110.373.375
MAHESWARA_GSBC2020;20:58:48;0.79;29.5;69.8;99797.6;0;0.1;-7.771.205;110.373.375
MAHESWARA_GSBC2020;20:58:49;0.72;29.5;70.6;99797.3;0;0.0;-7.771.205;110.373.375
MAHESWARA_GSBC2020;20:58:50;0.86;29.5;70.2;99796.9;0;0.1;-7.771.204;110.373.375
MAHESWARA_GSBC2020;20:58:51;0.89;29.5;69.7;99798.5;0;0.1;-7.771.204;110.373.375
MAHESWARA_GSBC2020;20:58:52;0.81;29.5;70.6;99798.9;0;0.1;-7.771.203;110.373.375
MAHESWARA_GSBC2020;20:58:53;0.80;29.5;70.7;99798.8;0;0.0;-7.771.203;110.373.375
MAHESWARA_GSBC2020;20:58:54;0.85;29.5;70.1;99796.6;0;0.1;-7.771.203;110.373.375
MAHESWARA_GSBC2020;20:58:55;0.79;29.5;70.2;99800.1;0;0.1;-7.771.202;110.373.375
MAHESWARA_GSBC2020;20:58:56;0.82;29.5;70.3;99797.3;0;0.0;-7.771.202;110.373.375
MAHESWARA_GSBC2020;20:58:57;0.74;29.5;70.3;99798.0;0;0.0;-7.771.202;110.373.375
MAHESWARA_GSBC2020;20:58:58;0.84;29.5;70.3;99796.2;0;0.2;-7.771.201;110.373.375
MAHESWARA_GSBC2020;20:58:59;0.82;29.5;70.5;99799.9;0;0.1;-7.771.200;110.373.375
MAHESWARA_GSBC2020;20:59:00;0.78;29.5;70.4;99799.4;180;0.1;-7.771.200;110.373.375
MAHESWARA_GSBC2020;20:59:01;0.70;29.5;70.0;99797.7;0;0.1;-7.771.200;110.373.375
MAHESWARA_GSBC2020;20:59:02;0.76;29.5;70.4;99798.7;274;0.8;-7.771.199;110.373.367
MAHESWARA_GSBC2020;20:59:03;0.71;29.5;70.3;99798.9;0;0.1;-7.771.198;110.373.367
MAHESWARA_GSBC2020;20:59:04;0.72;29.5;70.3;99799.3;0;0.1;-7.771.197;110.373.367
MAHESWARA_GSBC2020;20:59:05;0.73;29.5;70.3;99798.3;0;0.2;-7.771.196;110.373.367
MAHESWARA_GSBC2020;20:59:06;0.70;29.5;70.3;99799.4;0;0.2;-7.771.194;110.373.367
MAHESWARA_GSBC2020;20:59:07;0.67;29.5;70.3;99800.6;0;0.2;-7.771.193;110.373.367
MAHESWARA_GSBC2020;20:59:08;0.70;29.5;70.3;99801.2;0;0.2;-7.771.191;110.373.367
MAHESWARA_GSBC2020;20:59:09;0.73;29.5;70.3;99802.4;0;0.2;-7.771.189;110.373.367
MAHESWARA_GSBC2020;20:59:10;0.74;29.5;70.3;99796.4;0;0.1;-7.771.188;110.373.367
MAHESWARA_GSBC2020;20:59:11;0.83;29.5;70.4;99797.3;284;0.9;-7.771.186;110.373.360
MAHESWARA_GSBC2020;20:59:12;0.71;29.5;70.3;99798.4;0;0.1;-7.771.185;110.373.360
MAHESWARA_GSBC2020;20:59:13;0.73;29.5;70.2;99800.2;0;0.2;-7.771.183;110.373.360
MAHESWARA_GSBC2020;20:59:14;0.78;29.5;70.0;99796.6;0;0.2;-7.771.182;110.373.360
MAHESWARA_GSBC2020;20:59:15;0.79;29.5;70.0;99799.8;0;0.0;-7.771.182;110.373.360
MAHESWARA_GSBC2020;20:59:16;0.74;29.5;70.4;99798.2;0;0.1;-7.771.182;110.373.360
MAHESWARA_GSBC2020;20:59:17;0.69;29.5;70.1;99799.3;0;0.0;-7.771.182;110.373.360
MAHESWARA_GSBC2020;20:59:18;0.89;29.5;70.2;99797.0;277;0.8;-7.771.181;110.373.352
MAHESWARA_GSBC2020;20:59:19;0.82;29.5;70.2;99797.0;0;0.1;-7.771.180;110.373.352
MAHESWARA_GSBC2020;20:59:20;0.80;29.5;70.4;99799.8;180;0.1;-7.771.180;110.373.352
MAHESWARA_GSBC2020;20:59:21;0.86;29.5;70.1;99796.6;180;0.1;-7.771.181;110.373.352
MAHESWARA_GSBC2020;20:59:22;0.83;29.5;70.4;99797.3;180;0.1;-7.771.181;110.373.352
MAHESWARA_GSBC2020;20:59:23;0.82;29.5;70.8;99799.9;0;0.1;-7.771.180;110.373.352
MAHESWARA_GSBC2020;20:59:24;0.82;29.5;71.0;99798.0;0;0.0;-7.771.180;110.373.352
MAHESWARA_GSBC2020;20:59:25;0.86;29.5;70.1;99797.6;180;0.2;-7.771.182;110.373.352
MAHESWARA_GSBC2020;20:59:26;0.84;29.5;70.6;99799.9;0;0.0;-7.771.182;110.373.352
MAHESWARA_GSBC2020;20:59:27;0.92;29.5;71.0;99797.0;180;0.1;-7.771.182;110.373.352
MAHESWARA_GSBC2020;20:59:28;0.87;29.5;70.4;99797.9;0;0.1;-7.771.182;110.373.352
MAHESWARA_GSBC2020;20:59:29;0.91;29.5;70.7;99797.3;0;0.1;-7.771.181;110.373.352
MAHESWARA_GSBC2020;20:59:30;0.91;29.5;70.6;99795.9;180;0.1;-7.771.181;110.373.352
MAHESWARA_GSBC2020;20:59:31;0.83;29.5;70.0;99798.6;0;0.0;-7.771.181;110.373.352
MAHESWARA_GSBC2020;20:59:32;0.87;29.5;70.2;99796.6;180;0.2;-7.771.183;110.373.352
MAHESWARA_GSBC2020;20:59:33;0.86;29.5;70.8;99797.5;180;0.1;-7.771.183;110.373.352
MAHESWARA_GSBC2020;20:59:34;0.83;29.5;69.9;99798.1;180;0.2;-7.771.185;110.373.352
MAHESWARA_GSBC2020;20:59:35;0.90;29.5;69.9;99795.6;0;0.0;-7.771.185;110.373.352
MAHESWARA_GSBC2020;20:59:36;0.92;29.5;69.9;99796.0;180;0.1;-7.771.186;110.373.352
MAHESWARA_GSBC2020;20:59:37;0.87;29.5;69.8;99797.2;0;0.1;-7.771.185;110.373.352
MAHESWARA_GSBC2020;20:59:38;0.79;29.5;70.0;99800.2;0;0.1;-7.771.184;110.373.352
MAHESWARA_GSBC2020;20:59:39;0.85;29.5;70.0;99798.6;0;0.0;-7.771.184;110.373.352
MAHESWARA_GSBC2020;20:59:40;0.89;29.5;69.9;99798.0;180;0.1;-7.771.185;110.373.352
MAHESWARA_GSBC2020;20:59:41;0.85;29.5;70.0;99798.1;180;0.1;-7.771.186;110.373.352
MAHESWARA_GSBC2020;20:59:42;0.91;29.5;70.0;99798.1;0;0.0;-7.771.186;110.373.352
MAHESWARA_GSBC2020;20:59:43;0.90;29.5;70.0;99796.5;180;0.2;-7.771.187;110.373.352
MAHESWARA_GSBC2020;20:59:44;0.93;29.5;70.4;99796.2;180;0.2;-7.771.189;110.373.352
MAHESWARA_GSBC2020;20:59:45;0.89;29.5;70.1;99797.0;0;0.1;-7.771.189;110.373.352
MAHESWARA_GSBC2020;20:59:46;0.92;29.5;70.1;99797.2;180;0.2;-7.771.190;110.373.352
MAHESWARA_GSBC2020;20:59:47;0.83;29.5;70.3;99798.1;0;0.1;-7.771.190;110.373.352
MAHESWARA_GSBC2020;20:59:48;0.85;29.5;70.1;99797.8;0;0.1;-7.771.189;110.373.352
MAHESWARA_GSBC2020;20:59:49;0.88;29.5;70.2;99797.5;0;0.1;-7.771.188;110.373.352
MAHESWARA_GSBC2020;20:59:50;0.92;29.5;70.0;99797.4;180;0.1;-7.771.189;110.373.352
MAHESWARA_GSBC2020;20:59:51;0.85;29.5;70.5;99797.4;0;0.1;-7.771.189;110.373.352
MAHESWARA_GSBC2020;20:59:52;0.82;29.5;70.6;99798.1;180;0.2;-7.771.190;110.373.352
MAHESWARA_GSBC2020;20:59:53;0.86;29.5;70.4;99796.1;180;0.2;-7.771.192;110.373.352
MAHESWARA_GSBC2020;20:59:54;0.98;29.5;70.5;99795.2;0;0.0;-7.771.192;110.373.352
MAHESWARA_GSBC2020;20:59:55;0.96;29.5;69.6;99796.4;0;0.2;-7.771.190;110.373.352
MAHESWARA_GSBC2020;20:59:56;0.89;29.5;71.0;99796.9;0;0.1;-7.771.190;110.373.352
MAHESWARA_GSBC2020;20:59:57;0.86;29.5;70.1;99799.8;180;0.1;-7.771.191;110.373.352
MAHESWARA_GSBC2020;20:59:58;0.89;29.5;70.7;99796.5;180;0.1;-7.771.191;110.373.352
MAHESWARA_GSBC2020;20:59:59;0.90;29.5;70.2;99797.6;0;0.1;-7.771.190;110.373.352
MAHESWARA_GSBC2020;21:00:00;0.97;29.5;70.3;99795.6;180;0.1;-7.771.191;110.373.352
MAHESWARA_GSBC2020;21:00:01;0.84;29.5;69.7;99797.8;0;0.0;-7.771.191;110.373.352
MAHESWARA_GSBC2020;21:00:02;0.95;29.5;70.0;99796.5;0;0.0;-7.771.191;110.373.352
MAHESWARA_GSBC2020;21:00:03;0.95;29.5;70.2;99795.7;0;0.1;-7.771.190;110.373.352
MAHESWARA_GSBC2020;21:00:04;0.86;29.5;70.2;99796.9;0;0.1;-7.771.189;110.373.352
MAHESWARA_GSBC2020;21:00:05;0.85;29.5;70.4;99798.4;180;0.2;-7.771.191;110.373.352
MAHESWARA_GSBC2020;21:00:06;0.91;29.5;70.2;99797.2;0;0.1;-7.771.190;110.373.352
MAHESWARA_GSBC2020;21:00:07;0.90;29.5;70.4;99798.1;0;0.1;-7.771.190;110.373.352
MAHESWARA_GSBC2020;21:00:08;0.85;29.5;70.5;99797.9;180;0.1;-7.771.191;110.373.352
MAHESWARA_GSBC2020;21:00:09;0.86;29.5;70.4;99798.0;0;0.1;-7.771.190;110.373.352
MAHESWARA_GSBC2020;21:00:10;0.86;29.5;70.4;99798.0;0;0.2;-7.771.188;110.373.352
MAHESWARA_GSBC2020;21:00:11;0.84;29.5;70.0;99799.3;0;0.2;-7.771.186;110.373.352
MAHESWARA_GSBC2020;21:00:12;0.89;29.5;70.2;99797.9;180;0.1;-7.771.187;110.373.352
MAHESWARA_GSBC2020;21:00:13;0.88;29.5;70.5;99796.4;97;0.8;-7.771.188;110.373.360
MAHESWARA_GSBC2020;21:00:14;0.95;29.5;70.0;99796.2;0;0.3;-7.771.186;110.373.360
MAHESWARA_GSBC2020;21:00:15;0.90;29.5;69.9;99797.5;0;0.1;-7.771.185;110.373.360
MAHESWARA_GSBC2020;21:00:16;0.89;29.5;70.9;99796.6;0;0.2;-7.771.184;110.373.360
MAHESWARA_GSBC2020;21:00:17;0.87;29.5;70.1;99796.6;0;0.1;-7.771.183;110.373.360
MAHESWARA_GSBC2020;21:00:18;0.95;29.5;70.5;99796.7;0;0.1;-7.771.182;110.373.360
MAHESWARA_GSBC2020;21:00:19;0.92;29.5;70.0;99796.7;180;0.1;-7.771.183;110.373.360
MAHESWARA_GSBC2020;21:00:20;0.95;29.5;70.0;99796.1;0;0.1;-7.771.182;110.373.360
MAHESWARA_GSBC2020;21:00:21;0.92;29.5;70.2;99794.6;0;0.1;-7.771.181;110.373.360
MAHESWARA_GSBC2020;21:00:22;0.87;29.5;70.6;99799.5;0;0.1;-7.771.180;110.373.360
MAHESWARA_GSBC2020;21:00:23;0.91;29.5;69.8;99796.2;0;0.1;-7.771.180;110.373.360
MAHESWARA_GSBC2020;21:00:24;0.98;29.5;69.9;99795.2;0;0.1;-7.771.179;110.373.360
MAHESWARA_GSBC2020;21:00:25;0.91;29.4;70.1;99796.8;0;0.0;-7.771.179;110.373.360
MAHESWARA_GSBC2020;21:00:26;0.87;29.4;69.5;99798.2;0;0.0;-7.771.179;110.373.360
MAHESWARA_GSBC2020;21:00:27;0.89;29.4;69.3;99797.4;0;0.0;-7.771.179;110.373.360
MAHESWARA_GSBC2020;21:00:28;0.85;29.4;69.0;99797.7;180;0.1;-7.771.179;110.373.360
MAHESWARA_GSBC2020;21:00:29;0.96;29.4;69.9;99797.3;0;0.1;-7.771.179;110.373.360
MAHESWARA_GSBC2020;21:00:30;0.95;29.4;70.1;99797.4;180;0.1;-7.771.180;110.373.360
MAHESWARA_GSBC2020;21:00:31;0.94;29.4;69.9;99796.9;180;0.1;-7.771.180;110.373.360
MAHESWARA_GSBC2020;21:00:32;0.93;29.4;70.4;99797.4;180;0.1;-7.771.181;110.373.360
MAHESWARA_GSBC2020;21:00:33;0.94;29.4;69.6;99796.7;0;0.0;-7.771.181;110.373.360
MAHESWARA_GSBC2020;21:00:34;0.99;29.4;70.3;99796.7;180;0.1;-7.771.182;110.373.360
MAHESWARA_GSBC2020;21:00:35;0.93;29.4;70.0;99797.5;180;0.1;-7.771.183;110.373.360
MAHESWARA_GSBC2020;21:00:36;1.02;29.4;69.7;99795.2;180;0.1;-7.771.183;110.373.360
MAHESWARA_GSBC2020;21:00:37;0.99;29.4;69.9;99795.6;180;0.1;-7.771.184;110.373.360
MAHESWARA_GSBC2020;21:00:38;0.95;29.4;69.4;99797.5;180;0.1;-7.771.185;110.373.360
MAHESWARA_GSBC2020;21:00:39;1.00;29.4;69.6;99795.6;180;0.2;-7.771.186;110.373.360
MAHESWARA_GSBC2020;21:00:40;0.93;29.4;69.7;99796.2;180;0.1;-7.771.187;110.373.360
MAHESWARA_GSBC2020;21:00:41;1.01;29.4;69.3;99796.5;180;0.1;-7.771.187;110.373.360
MAHESWARA_GSBC2020;21:00:42;0.98;29.4;70.1;99796.1;266;0.8;-7.771.188;110.373.352
MAHESWARA_GSBC2020;21:00:44;1.00;29.4;69.7;99794.5;180;0.1;-7.771.189;110.373.352
MAHESWARA_GSBC2020;21:00:43;0.88;29.4;69.7;99798.0;180;0.1;-7.771.188;110.373.352
MAHESWARA_GSBC2020;21:00:45;1.04;29.4;69.2;99797.1;180;0.1;-7.771.189;110.373.352
MAHESWARA_GSBC2020;21:00:46;0.95;29.4;69.6;99796.6;180;0.2;-7.771.191;110.373.352
MAHESWARA_GSBC2020;21:00:47;0.94;29.3;69.8;99798.1;180;0.2;-7.771.193;110.373.352
MAHESWARA_GSBC2020;21:00:48;0.92;29.3;69.9;99797.2;0;0.0;-7.771.193;110.373.352
